-- phpMyAdmin SQL Dump
-- version 5.2.1
-- https://www.phpmyadmin.net/
--
-- Host: 127.0.0.1
-- Generation Time: Aug 08, 2024 at 08:04 PM
-- Server version: 10.4.28-MariaDB
-- PHP Version: 8.2.4

SET SQL_MODE = "NO_AUTO_VALUE_ON_ZERO";
START TRANSACTION;
SET time_zone = "+00:00";


/*!40101 SET @OLD_CHARACTER_SET_CLIENT=@@CHARACTER_SET_CLIENT */;
/*!40101 SET @OLD_CHARACTER_SET_RESULTS=@@CHARACTER_SET_RESULTS */;
/*!40101 SET @OLD_COLLATION_CONNECTION=@@COLLATION_CONNECTION */;
/*!40101 SET NAMES utf8mb4 */;

--
-- Database: `burmese`
--

-- --------------------------------------------------------

--
-- Table structure for table `admins`
--

CREATE TABLE `admins` (
  `id` int(11) NOT NULL,
  `name` varchar(20) NOT NULL,
  `email` varchar(20) NOT NULL,
  `password` varchar(50) NOT NULL,
  `created_at` timestamp NOT NULL DEFAULT current_timestamp()
) ENGINE=InnoDB DEFAULT CHARSET=utf8mb4 COLLATE=utf8mb4_unicode_ci;

--
-- Dumping data for table `admins`
--

INSERT INTO `admins` (`id`, `name`, `email`, `password`, `created_at`) VALUES
(1, 'Admin', 'admin@gmail.com', 'admin123', '2024-03-09 07:50:04'),
(2, 'Admin_core', 'core@gmail.com', 'admin', '2024-03-11 07:07:14'),
(3, 'Admin_three', 'three@gmail.com', 'admin', '2024-03-11 07:10:15'),
(9, 'Admin_four', 'four@gmail.com', 'admin', '2024-03-12 09:36:53');

-- --------------------------------------------------------

--
-- Table structure for table `categories`
--

CREATE TABLE `categories` (
  `id` int(11) NOT NULL,
  `name` varchar(200) NOT NULL,
  `slug` varchar(220) NOT NULL,
  `created_at` timestamp NOT NULL DEFAULT current_timestamp()
) ENGINE=InnoDB DEFAULT CHARSET=utf8mb4 COLLATE=utf8mb4_unicode_ci;

--
-- Dumping data for table `categories`
--

INSERT INTO `categories` (`id`, `name`, `slug`, `created_at`) VALUES
(1, 'စိုက်ပျိုးနည်း', 'sitepyonee', '2024-03-02 08:05:42'),
(2, 'ခေတ်သစ်စိုက်ပျိုးနည်း', 'khittitsitepyonee', '2024-03-02 08:06:50');

-- --------------------------------------------------------

--
-- Table structure for table `comment`
--

CREATE TABLE `comment` (
  `id` int(11) NOT NULL,
  `body` text NOT NULL,
  `profile` varchar(225) NOT NULL DEFAULT 'img/profile.png',
  `user_id` int(11) NOT NULL,
  `show_id` int(11) NOT NULL,
  `username` varchar(200) NOT NULL,
  `created_at` timestamp NOT NULL DEFAULT current_timestamp()
) ENGINE=InnoDB DEFAULT CHARSET=utf8mb4 COLLATE=utf8mb4_unicode_ci;

--
-- Dumping data for table `comment`
--

INSERT INTO `comment` (`id`, `body`, `profile`, `user_id`, `show_id`, `username`, `created_at`) VALUES
(8, 'kg lyk tat blog kwr', 'aunglwin.jpg', 27, 1, 'Aung Lwin', '2024-03-04 13:23:41'),
(9, 'ဒူးရင်းသီးစားချင်တယ်', 'aunglwin.jpg', 27, 3, 'Aung Lwin', '2024-03-04 13:25:01'),
(10, 'nice blog', 'aunglwin.jpg', 27, 10, 'Aung Lwin', '2024-03-04 13:30:16'),
(12, 'amazing', 'aunglwin.jpg', 27, 7, 'Aung Lwin', '2024-03-04 13:34:25'),
(13, 'Hi there!', 'aunglwin.jpg', 27, 7, 'Aung Lwin', '2024-03-04 13:39:08'),
(14, 'သလဲသီးမကြိုက်ဘူး', 'aunglwin.jpg', 27, 8, 'Aung Lwin', '2024-03-04 13:40:36'),
(15, 'စပါးလင်ဆီမွှေးပင်မစိုက်ချင်ဘူး', 'aunglwin.jpg', 27, 7, 'Aung Lwin', '2024-03-04 13:51:31'),
(16, 'Nice', 'hinata.jpg', 19, 13, 'Hinata', '2024-03-04 13:54:51'),
(17, 'ဖတ်လို့ကောင်းတယ်', 'aunglwin.jpg', 27, 3, 'Aung Lwin', '2024-03-04 14:05:09'),
(18, 'japan mrr sharr tll', 'luffy.jpg', 28, 3, 'Luffy', '2024-03-05 08:34:18'),
(19, 'မြေပုံ မြင့်တင် စိုက်စနစ် နဲ့ စိုက်ကြည့်မယ်', 'ceasar.jpeg', 14, 4, 'Ceasar', '2024-03-07 05:23:40'),
(25, 'hi', 'hinata.jpg', 39, 1, 'Naruto', '2024-03-12 07:18:48'),
(26, 'Good', 'hinata.jpg', 40, 9, 'Naruto', '2024-03-12 09:16:13'),
(27, 'Good', 'hinata.jpg', 41, 3, 'Naruto', '2024-03-12 09:35:50'),
(28, 'Good', 'hinata.jpg', 41, 3, 'Naruto', '2024-03-12 09:35:51');

-- --------------------------------------------------------

--
-- Table structure for table `followings`
--

CREATE TABLE `followings` (
  `id` int(11) NOT NULL,
  `title` varchar(225) NOT NULL,
  `category_id` int(11) NOT NULL,
  `intro` varchar(225) NOT NULL,
  `author` varchar(100) NOT NULL,
  `body` text NOT NULL,
  `img` varchar(50) NOT NULL,
  `user_id` int(11) NOT NULL,
  `show_id` int(11) NOT NULL,
  `cre` timestamp NOT NULL DEFAULT current_timestamp()
) ENGINE=InnoDB DEFAULT CHARSET=utf8mb4 COLLATE=utf8mb4_unicode_ci;

--
-- Dumping data for table `followings`
--

INSERT INTO `followings` (`id`, `title`, `category_id`, `intro`, `author`, `body`, `img`, `user_id`, `show_id`, `cre`) VALUES
(67, 'မိုးကြိုနှမ်းလျင်အထွက်သေချာစေချင် ဂရုစိုက်ဆောင်ရွက်သင့်သော လုပ်ငန်း(၃)ရပ်', 2024, 'နှမ်းလျင်သီးနှံကို ‌လောင်းကစားသီးနှံဟု ရှေးယခင်ကခေါ်ဝေါ်တာ ကြားဖူးသည်။ ', 'အစိမ်းရောင်လမ်း', 'နှမ်းလျင်သီးနှံကို ‌လောင်းကစားသီးနှံဟု ရှေးယခင်ကခေါ်ဝေါ်တာ ကြားဖူးသည်။ စတင် စိုက်ပျိုးသည်မှ ရိတ်သိမ်းသည်အထိ မိုးကြီးခြင်း၊ မိုးခေါင်ခြင်းစသည့် ရာသီဥတုကြောင့် ပျက်စီးဆုံးရှုံးနိုင်လို့ ဖြစ်ပါမည်။ မိုးနှမ်းလျင်သီးနှံကို ရည်ညွှန်းပြောဆိုတာ ဖြစ်နိုင်သည်။ မိုးကြိုနှမ်းလျင်မှာမူ ထိုသို့ မဟုတ်နိုင်ပါ။ စနစ်တကျစိုက်ပျိုးလုပ်ကိုင်လျှင် မျှော်မှန်းအထွက်ကို ရရှိနိုင်သည်သာ ဖြစ်ပါသည်။ မိုးကြိုနှမ်းလျင်ကို အေးမြသည့် ဆောင်းရာသီအကုန် ညအပူချိန်မြင့်တက်လာသည့် ဖေဖေါ်ဝါရီနှင့် မတ်လတို့တွင် စိုက်ပျိုးသည်။ သွင်းရေရရှိသည့် မန္တလေးတိုင်းဒေသကြီး၊ မကွေးတိုင်းဒေသကြီး၊ စစ်ကိုင်းတိုင်းဒေသကြီးနှင့် အချို့ဒေသများတွင် ဖြစ်ပါသည်။ မိုးရာသီမဟုတ်သဖြင့် မိုးရေကိုအားကိုးလို့မရပါ။ သွင်းရေတစ်မျိုးမျိုးကိုသာ အားကိုးစိုက်ပျိုးခြင်း ဖြစ်သည်။ မိုးနှမ်းစိုက်ပျိုးရာတွင် ကုန်ကျစရိတ်များစွာကုန်ကျခြင်းမရှိသော်လည်း မိုးကြိုနှမ်း စိုက်ပျိုးရာတွင်မူ သွင်းရေအမျိုးအစားနှင့် ရရှိနိုင်သည့်နည်းလမ်းအပေါ်မူတည်ပြီး ကုန်ကျစရိတ် ပိုမိုနိုင်ပါသည်။ သို့ဖြစ်၍ စိုက်ပျိုးကုန်ကျစရိတ်အပေါ်အကျိုးအမြတ်ရှိရေးအတွက် လိုက်နာဆောင်ရွက်သင့်သည့်လုပ်ငန်းများကို အပြည့်အဝလုပ်ကိုင်ဖို့လိုသည်။ လုပ်ငန်းများအနက် ဂရုစိုက်ဆောင်ရွက်သင့်သော လုပ်ငန်းသုံးရပ်ကို ဖေါ်ပြလိုသည်။ ထိုလုပ်ငန်းများမှာ (၁) မြေပြုပြင်ခြင်း (၂)နှမ်းလျင်သားခွဲခြင်းနှင့် (၃)နှမ်းလျင်ရေပေးသွင်းခြင်းလုပ်ငန်းတို့ ဖြစ်ပါသည်။ မြေပြုပြင်ခြင်း လုပ်ကိုင်နေကျမို့ ခက်ခဲသောလုပ်ငန်းတော့ မဟုတ်နိုင်ပါ။ သို့သော် အလေးထားရန် နှိုးဆော်ခြင်းသာ ဖြစ်သည်။ လယ်မြေမှာစိုက်သောမိုးကြိုနှမ်းဖြစ်၍ ထွန်ရေးမကောင်းလို့မဖြစ်ပါ။ ထို့ထက်ပိုမိုအရေးကြီးသည်က ရေသွင်းစိုက်ပျိုးမှာဖြစ်သဖြင့် မြေမျက်နှာပြင် မညီညာလို့ မဖြစ်ပါ။ စပါးရိတ်သိမ်းအပြီး ရိုးပြတ်လယ်ကွင်းအတွင်း ရေသွင်းကာ ထယ်ရေးစတင်ဖို့ ဆောင်ရွက်ရသည်။ ဆက်တိုက်ဆောင်ရွက်လို့မရ။ နေလှမ်းရသည်။ ထွန်ရေးဝင်ရန် အနေတော်မတော် ကြည့်ရသည်။ စိုက်ပျိုးမြေအမျိုးအစား၊ နေ့အပူချိန်၊ လေတိုက်နှုန်းနှင့် လယ်သမား၏အတွေ့ အကြုံတွေက အရေးပါသည်။ အချိန်ကိုက်ဆောင်ရွက်ရန်လိုသည်။ မြေတွင်းအစိုဓာတ်ထိန်းနိုင်ရေး၊ နှမ်းအပင်ပေါက်ကောင်းရေး၊ ချိန်ဆဆောင်ရွက်ကြစေလိုပါသည်။ ရေသွင်းစိုက်ပျိုးမှာဖြစ်သဖြင့် ရေသွင်းမြောင်းများဖေါ်ရသည်၊ ရေထုတ်မြောင်းများ ဖေါ်ရသည်။ သွင်းလိုက်သည့်ရေ ပိုနေလို့မဖြစ်၊ နေရာကွက်ကြား ရေဝပ်နေလို့မဖြစ်၊ မြေပြုပြင်ချိန်တွင် စနစ်တကျ ရေသွင်းရေထုတ်မြောင်းတွေ တစ်ပြိုင်တည်းဆောင်ရွက်ဖို့၊ ‌ပေါင်စနစ်ဖြင့် စိုက်မည်ဆိုပါကလည်း စိုက်ပေါင်တွေ သေချာပြင်ဖို့မှာကြားလိုတာ ဖြစ်ပါသည်။ သားခွဲခြင်း နှမ်းလျင်စိုက်ပျိုးရာတွင် တစ်ဧကလျင် မျိုးစေ့ (၁ ဒသမ ၅)ပြည်မှ (၂)ပြည်ခန့်ဖြင့် လုံလောက်သော်လည်း နှစ်ဆမက သုံးစွဲစိုက်ပျိုးလေ့ရှိသည်။ နှမ်းစေ့ကသေးငယ်သဖြင့် အပင်ပေါက်သေချာစေရန် မျိုးစေ့များများသုံးသည့် အလေ့အထ ဖြစ်ပါမည်။ နှမ်းပင်လေးများ စုပုံကာ ထပ်ညပ်ပေါက်လာပါတော့သည်။ အတန်းလိုက်စိုက်သည်ဖြစ်စေ၊ ကြဲပက်စိုက်ပျိုးသည်ဖြစ်စေ တစ်ကျင်းတစ်ပင်ချန်ပြီး သားခွဲရန်လိုသည်။ နှမ်းခင်းအား မူမှန်အရွက် (၆) ရွက်ထွက်ချိန်ဖြစ်သည့် အပင်သက်တမ်း (၂)ပတ်သားတွင် သားခွဲခြင်းလုပ်ငန်းကို မဖြစ်မနေဆောင်ရွက်ရန် တိုက်တွန်းလိုပါသည်။ အတန်းလိုက်စိုက်ပါက အတန်းအတွင်း တစ်ပင်နှင့်တစ်ပင် ၄ လက်မအကွာထားဖို့ ဖြစ်သည်။ ကြဲပက်စိုက်ပါက ခန့်မှန်းခြေ ၄ လက်မခန့် အကွာရအောင် ထွန်ဖြင့် မှုန်းပေးရန် ဖြစ်ပါသည်။ အချုပ်အားဖြင့် တစ်ဧကတွင် အပင်ဦးရေတစ်သိန်းရှိဖို့ လိုသည်။ ဤသည်မှာ နှမ်းလျင်သီးနှံ အထွက်နှုန်းမြင့်မားဖို့ တစ်ဧကတွင်ရှိရမည့်မှန်ကန်သော အပင်ဦးရေဖြစ်ကြောင်း အသိပေးလိုပါသည်။ ရေပေးသွင်းခြင်း မိုးကြိုနှမ်းစိုက်ပျိုးရာတွင် မူလကပင် ရေသွင်းရေထုတ်ကောင်းမွန်သည့်မြေအမျိုးအစားတွင် စိုက်ပျိုးထားသည်ဖြစ်ရာ ရေပေးသွင်းမှုလုပ်ငန်းကို စနစ်တကျဆောင်ရွက်ရန်လိုသည်။ ‌လိုအပ်ပါက ရေပေးသွင်းနိုင်ခြင်း၊ ပိုလျှံပါက ရေထုတ်နိုင်ခြင်း ပြုလုပ်နိုင်ရပါမည်။ ထို့ပြင် အသုံးပြုမည့်ရေသည်လည်း သင့်တော်သည့်အရည်အသွေးရှိရန်လိုပါသည်။ နှမ်းလျင်စိုက်ပျိုးပြီး တစ်ပတ်သားကပင် အပင်ရှင်သန်ရေးအတွက် ရေပေးသွင်းရန် လိုမလို စစ်ဆေးပြီး လိုအပ်ပါက ရေပေးသွင်းရန် ဖြစ်သည်။ ထို့နောက် နှမ်းပင်ကြီးထွား ဖွံ့ဖြိုး ပွင့်သီးကာ အောင်မြင်စေရေးအတွက် ရေပေးသွင်းရန်လိုသည့်အချိန် သုံးချိန်ကို အသိပေးလိုသည်။ ထိုသုံးချိန်မှာ- (၁) ပန်းမပွင့်မီအချိန် (၂) ပန်းပွင့်ချိန်နှင့် (၃) နှမ်းအသီးဖြစ်တည်ချိန်တို့ ဖြစ်ပါသည်။ ပန်းမပွင့်မီအချိန်သည် နှမ်းလျင်စိုက်ပျိုးပြီး ၂၂ မှ ၂၅ ရက်အကြာတွင် ဖြစ်သည်။ ရေတစ်ကြိမ် ပေးသွင်းသင့်ပါသည်။ ပန်းပွင့်ချိန်သည် နှမ်းလျင်စိုက်ပျိုးပြီး ၃၅ မှ ၄၅ ရက်အကြာတွင် ဖြစ်သည်။ ရေတစ်ကြိမ် ပေးသွင်းသင့်ပါသည်။ နှမ်းအသီးဖြစ်တည်ချိန်တွင်မူ ရေလိုအပ်မှုအခြေအနေကိုကြည့်ပြီး တစ်ကြိမ်(သို့မဟုတ်) နှစ်ကြိမ် ရေပေးသွင်းသင့်ပါသည်။ နှမ်းအသီးများရင့်မှည့်သည့်ကာလတွင်မူ နှမ်းခင်းမြေသည် အစိုဓာတ်အနည်းငယ်ရှိသော အခြေအနေ ဖြစ်နေသင့်ပါသည်။ နှမ်းလျင်စိုက်ပျိုးအပြီး ၆၅ ရက်မှ ရက် ၇၀ နောက်ပိုင်းတွင်မူ ရေပေးသွင်းမှုပြုလုပ်ရန် မလိုတော့ကြောင်း အသိပေးလိုပါသည်။ မိုးကြိုနှမ်းလျင်သီးနှံ စိုက်ပျိုး‌ရေးဆိုင်ရာ လုပ်ငန်းများစွာအနက် မဖြစ်မနေသိရှိဆောင်ရွက်သင့်သည့် အရေးပါသည့်အချက်များကို သိရှိဆောင်ရွက်ခြင်းဖြင့် မိုးကြိုနှမ်းလျင်သီးနှံ စိုက်ပျိုးအောင်မြင်ကြစေလိုပါသည်။ ဆောင်းပါးများ/သတင်းများ ပြန်လည်ကူးယူဖော်ပြလိုပါက \"အစိမ်းရောင်လမ်းမှ ကူးယူဖော်ပြပါသည်\" ဟုထည့်ပေးပါရန် မေတ္တာရပ်ခံအပ်ပါသည်\r\n\r\n', 'photo1.jpg', 32, 1, '2024-03-09 06:02:07'),
(69, 'ကမ္ဘာ့ပထမဆုံး ကောက်ရိတ်သိမ်းစက်..', 2024, 'လူသားတွေရဲ့ စိုက်ပျိုးရေးစွမ်းပကားကို တစ်ဆင့်မြှင့်တင်ပေးလိုက်နိုင်တာတွေထဲက တစ်ခုဖြစ်တဲ့ ကမ္ဘာ့ပထမဆုံး', 'ဇင်ဘိုလွင်', ' အသက် ၂၂ နှစ်အရွယ်သာရှိသေးတဲ့ ပန်းပဲသမားလေးတစ်ယောက်။\r\n\r\nတိတိကျကျပြောရရင်တော့ အမေရိကန်တောင်ပိုင်း၊ ဗာဂျီးနီးယားပြည်နယ်ထဲက ဆိုင်ရပ်စ်မက်ကော မစ်လို့ခေါ်တဲ့ကောင်လေးတစ်ယောက်ပါပဲ။ တီထွင်နိုင်ခဲ့ချိန်က ၁၈၃၁ ခုနှစ်ဆိုတော့ မြန်မာနိုင်ငံ တစ်နိုင်ငံလုံးတောင် ကိုလိုနီမဖြစ်သေးချိန်ပေါ့။\r\n\r\nသူ့ရဲ့တီထွင်မှုကို ပထမတော့ သူ့ဒေသမှာ အထူးအဆန်း အရူးအနှမ်းတစ်ခုလောက်ပဲ သဘောထားတာ။ ဒါပေမဲ့ နောက်တော့ ဒါဟာ ဧရာမအရေးပါတဲ့တီထွင်မှုဆိုတာ သူသက်သေပြနိုင်ခဲ့တယ်။\r\n\r\nအစောပိုင်းကာလ စမ်းသပ်မှုများ\r\n\r\nတကယ်တော့ ဒီစက်ကိုတီထွင်ဖို့ စကြိုးစားခဲ့သူက သူ့အဖေပါ။ ဒါပေမဲ့ မအောင်မြင်လို့ လက်လျှော့ ထားခဲ့တာ။ ဒါပေမဲ့ ၁၈၃၁ နွေရာသီမှာတော့ သားဖြစ်သူ မက်ကောမစ်က ဒီအလုပ်ကိုလက်လွှဲယူပြီး ပန်းပဲရုံထဲမှာ သီတင်းပတ် ၆ ပတ်လောက်ကြာတဲ့ထိ ဝါယမစိုက်ထုတ် ကြိုးပမ်းတီထွင်ပါတော့တယ်။\r\n\r\nခဲရာခဲဆစ်နဲ့တီထွင်ထားတဲ့စက်ကလေး စိတ်ချယုံကြည်ရတဲ့အနေအထားတစ်ခုရောက်လာချိန်မှာတော့ မက်ကောမစ်ဟာ သူ့စက်လေးကို ဒေသတွင်းစုဝေးပွဲလုပ်တဲ့နေရာတစ်ခုမှာ ပြသထားခဲ့ပါတယ်။ ကောက်ရိတ်စက်လေးဟာ လယ်သမားတစ်ယောက် လက်နဲ့ရိတ်သိမ်းတာထက် မြန်အောင် စွမ်းဆောင် နိုင်ဖို့တီထွင်ဖန်တီးထားတဲ့ အစိတ်အပိုင်းတွေနဲ့ပေါ့။\r\n\r\nစွပ်ဖားနဲ့တူတဲ့လှည်းလေးပေါ်မှာစက်ပစ္စည်းတွေတင်ထားတဲ့ ဒီပစ္စည်းလေးဟာ ပထမပိုင်းမှာတော့ ဒေသခံလယ်သမားတွေအတွက် ပဟေဠိပေါင်းစုံနဲ့ပဲ။ သူ့စက်မှာ ကောက်ပင်ဖြတ်ဓားတစ်ချောင်းနဲ့ အဲ့ဒီဓားနဲ့ ကောက်ပင်ရိုးတွေကိုဖြတ်ချိန်မှာ စုစည်းထိန်းထားပေးမယ့် ပတ်ချာလှည့် အစိတ်အပိုင်းတွေ ပါတယ်။ ဒီစက်ရဲ့ပထမဆုံးပွဲဦးထွက်ရိတ်သိမ်းမှုအဖြစ်တော့ ဂျုံခင်းတစ်ခုမှာ စမ်းသပ်ရိတ်ပြတာပါ။ မြင်းတစ်ကောင်က ရှေ့ကဆွဲ ရွေ့သွားချိန်မှာတော့ ဂျုံပင်တွေကိုရိတ်တဲ့ သူ့အလုပ်အားလုံးကို စက်က လုပ်ပါတော့တယ်။ မက်ကောမစ်တစ်ယောက်ကတော့ ဘေးကနေလိုက် ဂျုံရိုးတွေကို ကောက်စုပုံပေးလိုက်ရုံပါပဲ။ ပြီးပါပြီ။ မက်ကောမစ်ရဲ့တီထွင်မှု အောင်မြင်သွားပါပြီ။\r\n\r\nအဲ့ဒီနှစ်နှောင်းပိုင်းရိတ်သိမ်းရာသီမှာပဲ မက်ကောမစ်ရဲ့ကောက်ရိတ်စက် စတင်အသုံးပြုပါတော့တယ်။\r\n\r\nစီးပွားရေးပိုင်းအောင်မြင်မှု\r\n\r\nအောင်မြင်လူကြိုက်များသွားတော့ မက်ကောမစ် နောက်ထပ်စက်တွေအများကြီး ထပ်ထုတ်ရပါတော့တယ်။ အစပိုင်းကတော့ ဒေသခံလယ်သမားတွေကိုပဲ ရောင်းပေးတာပါ။ ဒါပေမဲ့ စက်ရဲ့ အံ့အားသင့်ဖွယ်စွမ်းဆောင်မှုသတင်း လေညင်းဆောင်ပျံ့နှံ့အပြီးမှာတော့ တခြားနေရာတွေထံပါ ရောင်းရပါတော့တယ်။ နောက်ဆုံး ချီကာဂိုမြို့မှာ စက်ရုံတည်ပြီး ထုတ်ရတော့တဲ့အထိပါပဲ။\r\n\r\nအခုအချိန်ရိတ်သိမ်းခြွေလှေ့စက်တွေနဲ့ယှဉ်မယ်ဆိုရင်တော့ မက်ကောမစ်ရဲ့တီထွင်မှုဟာ ဘာမှ မဟုတ်ပါဘူးလို့ ထင်ကောင်းထင်နိုင်ပါတယ်။ ဒါပေမဲ့ အဲ့ဒီကာလတုန်းကတော့ ဒါက စိုက်ပျိုးရေးနယ် ပယ်အတွက် တော်လှန်ပြောင်းလဲမှုကြီးတစ်ခုပါပဲ။ ဘာလို့လဲဆိုတော့ ဒီစက်နဲ့ ဧရိယာအများကြီးကို ရိတ်သိမ်းနိုင်ပြီး လူတွေရိတ်သိမ်းနိုင်စွမ်းထက် အများကြီးပိုနေတာကိုး။\r\n\r\nများများရိတ်သိမ်းနိုင်တော့ များများပိုစိုက်လို့ရသွားကော။ ဒီတော့ စားနပ်ရိက္ခာပြတ်လပ်မှု၊ ငတ်မွတ်ခေါင်းပါးမှု ဖြစ်နိုင်ချေတွေပါ လျော့ကျသွားစေတာပေါ့။\r\n\r\nမက်ကောမစ်ရဲ့စက် မရှိခင်တုန်းကဆို သီးနှံတွေ အချိန်မီရိတ်သိမ်းနိုင်ဖို့ မနည်းအားထုတ်ရတာ။ ကောက်ရိတ်ကျွမ်းကျင်လှပါတယ်ဆိုတဲ့ လယ်သမားတစ်ယောက်တောင် တစ်ရက်မှ နှစ်ဧကလောက်ပဲ ပြီးတာလေ။ မက်ကောမစ်ရဲ့စက်နဲ့ရိတ်ရင်ကျတော့ ဧကအများကြီးရိတ်ဖို့ မြင်းတစ်ကောင်နဲ့ လူတစ်ယောက်တည်းပဲ လိုတယ်။ ဆိုတော့ ဧကအများကြီး စိုက်လို့ရတယ်။ ရာချီစိုက်မလား၊ ထောင်ချီ စိုက်ချင်လား။ ရိတ်ဖို့ဆို လာထားပဲ။', '5.png', 33, 10, '2024-03-09 13:14:55');

-- --------------------------------------------------------

--
-- Table structure for table `shows`
--

CREATE TABLE `shows` (
  `id` int(11) NOT NULL,
  `title` varchar(220) NOT NULL,
  `slug` varchar(220) NOT NULL,
  `category_id` int(10) UNSIGNED NOT NULL,
  `author` varchar(100) NOT NULL,
  `user_id` int(11) NOT NULL,
  `cover` varchar(225) NOT NULL,
  `intro` varchar(225) NOT NULL,
  `body` text NOT NULL,
  `created_at` timestamp NOT NULL DEFAULT current_timestamp()
) ENGINE=InnoDB DEFAULT CHARSET=utf8mb4 COLLATE=utf8mb4_unicode_ci;

--
-- Dumping data for table `shows`
--

INSERT INTO `shows` (`id`, `title`, `slug`, `category_id`, `author`, `user_id`, `cover`, `intro`, `body`, `created_at`) VALUES
(1, 'မိုးကြိုနှမ်းလျင်အထွက်သေချာစေချင် ဂရုစိုက်ဆောင်ရွက်သင့်သော လုပ်ငန်း(၃)ရပ်', 'blog_one', 1, 'အစိမ်းရောင်လမ်း', 14, 'photo1.jpg', 'နှမ်းလျင်သီးနှံကို ‌လောင်းကစားသီးနှံဟု ရှေးယခင်ကခေါ်ဝေါ်တာ ကြားဖူးသည်။ ', 'နှမ်းလျင်သီးနှံကို ‌လောင်းကစားသီးနှံဟု ရှေးယခင်ကခေါ်ဝေါ်တာ ကြားဖူးသည်။ စတင် စိုက်ပျိုးသည်မှ ရိတ်သိမ်းသည်အထိ မိုးကြီးခြင်း၊ မိုးခေါင်ခြင်းစသည့် ရာသီဥတုကြောင့် ပျက်စီးဆုံးရှုံးနိုင်လို့ ဖြစ်ပါမည်။ မိုးနှမ်းလျင်သီးနှံကို ရည်ညွှန်းပြောဆိုတာ ဖြစ်နိုင်သည်။ မိုးကြိုနှမ်းလျင်မှာမူ ထိုသို့ မဟုတ်နိုင်ပါ။ စနစ်တကျစိုက်ပျိုးလုပ်ကိုင်လျှင် မျှော်မှန်းအထွက်ကို ရရှိနိုင်သည်သာ ဖြစ်ပါသည်။ မိုးကြိုနှမ်းလျင်ကို အေးမြသည့် ဆောင်းရာသီအကုန် ညအပူချိန်မြင့်တက်လာသည့် ဖေဖေါ်ဝါရီနှင့် မတ်လတို့တွင် စိုက်ပျိုးသည်။ သွင်းရေရရှိသည့် မန္တလေးတိုင်းဒေသကြီး၊ မကွေးတိုင်းဒေသကြီး၊ စစ်ကိုင်းတိုင်းဒေသကြီးနှင့် အချို့ဒေသများတွင် ဖြစ်ပါသည်။ မိုးရာသီမဟုတ်သဖြင့် မိုးရေကိုအားကိုးလို့မရပါ။ သွင်းရေတစ်မျိုးမျိုးကိုသာ အားကိုးစိုက်ပျိုးခြင်း ဖြစ်သည်။ မိုးနှမ်းစိုက်ပျိုးရာတွင် ကုန်ကျစရိတ်များစွာကုန်ကျခြင်းမရှိသော်လည်း မိုးကြိုနှမ်း စိုက်ပျိုးရာတွင်မူ သွင်းရေအမျိုးအစားနှင့် ရရှိနိုင်သည့်နည်းလမ်းအပေါ်မူတည်ပြီး ကုန်ကျစရိတ် ပိုမိုနိုင်ပါသည်။ သို့ဖြစ်၍ စိုက်ပျိုးကုန်ကျစရိတ်အပေါ်အကျိုးအမြတ်ရှိရေးအတွက် လိုက်နာဆောင်ရွက်သင့်သည့်လုပ်ငန်းများကို အပြည့်အဝလုပ်ကိုင်ဖို့လိုသည်။ လုပ်ငန်းများအနက် ဂရုစိုက်ဆောင်ရွက်သင့်သော လုပ်ငန်းသုံးရပ်ကို ဖေါ်ပြလိုသည်။ ထိုလုပ်ငန်းများမှာ (၁) မြေပြုပြင်ခြင်း (၂)နှမ်းလျင်သားခွဲခြင်းနှင့် (၃)နှမ်းလျင်ရေပေးသွင်းခြင်းလုပ်ငန်းတို့ ဖြစ်ပါသည်။ မြေပြုပြင်ခြင်း လုပ်ကိုင်နေကျမို့ ခက်ခဲသောလုပ်ငန်းတော့ မဟုတ်နိုင်ပါ။ သို့သော် အလေးထားရန် နှိုးဆော်ခြင်းသာ ဖြစ်သည်။ လယ်မြေမှာစိုက်သောမိုးကြိုနှမ်းဖြစ်၍ ထွန်ရေးမကောင်းလို့မဖြစ်ပါ။ ထို့ထက်ပိုမိုအရေးကြီးသည်က ရေသွင်းစိုက်ပျိုးမှာဖြစ်သဖြင့် မြေမျက်နှာပြင် မညီညာလို့ မဖြစ်ပါ။ စပါးရိတ်သိမ်းအပြီး ရိုးပြတ်လယ်ကွင်းအတွင်း ရေသွင်းကာ ထယ်ရေးစတင်ဖို့ ဆောင်ရွက်ရသည်။ ဆက်တိုက်ဆောင်ရွက်လို့မရ။ နေလှမ်းရသည်။ ထွန်ရေးဝင်ရန် အနေတော်မတော် ကြည့်ရသည်။ စိုက်ပျိုးမြေအမျိုးအစား၊ နေ့အပူချိန်၊ လေတိုက်နှုန်းနှင့် လယ်သမား၏အတွေ့ အကြုံတွေက အရေးပါသည်။ အချိန်ကိုက်ဆောင်ရွက်ရန်လိုသည်။ မြေတွင်းအစိုဓာတ်ထိန်းနိုင်ရေး၊ နှမ်းအပင်ပေါက်ကောင်းရေး၊ ချိန်ဆဆောင်ရွက်ကြစေလိုပါသည်။ ရေသွင်းစိုက်ပျိုးမှာဖြစ်သဖြင့် ရေသွင်းမြောင်းများဖေါ်ရသည်၊ ရေထုတ်မြောင်းများ ဖေါ်ရသည်။ သွင်းလိုက်သည့်ရေ ပိုနေလို့မဖြစ်၊ နေရာကွက်ကြား ရေဝပ်နေလို့မဖြစ်၊ မြေပြုပြင်ချိန်တွင် စနစ်တကျ ရေသွင်းရေထုတ်မြောင်းတွေ တစ်ပြိုင်တည်းဆောင်ရွက်ဖို့၊ ‌ပေါင်စနစ်ဖြင့် စိုက်မည်ဆိုပါကလည်း စိုက်ပေါင်တွေ သေချာပြင်ဖို့မှာကြားလိုတာ ဖြစ်ပါသည်။ သားခွဲခြင်း နှမ်းလျင်စိုက်ပျိုးရာတွင် တစ်ဧကလျင် မျိုးစေ့ (၁ ဒသမ ၅)ပြည်မှ (၂)ပြည်ခန့်ဖြင့် လုံလောက်သော်လည်း နှစ်ဆမက သုံးစွဲစိုက်ပျိုးလေ့ရှိသည်။ နှမ်းစေ့ကသေးငယ်သဖြင့် အပင်ပေါက်သေချာစေရန် မျိုးစေ့များများသုံးသည့် အလေ့အထ ဖြစ်ပါမည်။ နှမ်းပင်လေးများ စုပုံကာ ထပ်ညပ်ပေါက်လာပါတော့သည်။ အတန်းလိုက်စိုက်သည်ဖြစ်စေ၊ ကြဲပက်စိုက်ပျိုးသည်ဖြစ်စေ တစ်ကျင်းတစ်ပင်ချန်ပြီး သားခွဲရန်လိုသည်။ နှမ်းခင်းအား မူမှန်အရွက် (၆) ရွက်ထွက်ချိန်ဖြစ်သည့် အပင်သက်တမ်း (၂)ပတ်သားတွင် သားခွဲခြင်းလုပ်ငန်းကို မဖြစ်မနေဆောင်ရွက်ရန် တိုက်တွန်းလိုပါသည်။ အတန်းလိုက်စိုက်ပါက အတန်းအတွင်း တစ်ပင်နှင့်တစ်ပင် ၄ လက်မအကွာထားဖို့ ဖြစ်သည်။ ကြဲပက်စိုက်ပါက ခန့်မှန်းခြေ ၄ လက်မခန့် အကွာရအောင် ထွန်ဖြင့် မှုန်းပေးရန် ဖြစ်ပါသည်။ အချုပ်အားဖြင့် တစ်ဧကတွင် အပင်ဦးရေတစ်သိန်းရှိဖို့ လိုသည်။ ဤသည်မှာ နှမ်းလျင်သီးနှံ အထွက်နှုန်းမြင့်မားဖို့ တစ်ဧကတွင်ရှိရမည့်မှန်ကန်သော အပင်ဦးရေဖြစ်ကြောင်း အသိပေးလိုပါသည်။ ရေပေးသွင်းခြင်း မိုးကြိုနှမ်းစိုက်ပျိုးရာတွင် မူလကပင် ရေသွင်းရေထုတ်ကောင်းမွန်သည့်မြေအမျိုးအစားတွင် စိုက်ပျိုးထားသည်ဖြစ်ရာ ရေပေးသွင်းမှုလုပ်ငန်းကို စနစ်တကျဆောင်ရွက်ရန်လိုသည်။ ‌လိုအပ်ပါက ရေပေးသွင်းနိုင်ခြင်း၊ ပိုလျှံပါက ရေထုတ်နိုင်ခြင်း ပြုလုပ်နိုင်ရပါမည်။ ထို့ပြင် အသုံးပြုမည့်ရေသည်လည်း သင့်တော်သည့်အရည်အသွေးရှိရန်လိုပါသည်။ နှမ်းလျင်စိုက်ပျိုးပြီး တစ်ပတ်သားကပင် အပင်ရှင်သန်ရေးအတွက် ရေပေးသွင်းရန် လိုမလို စစ်ဆေးပြီး လိုအပ်ပါက ရေပေးသွင်းရန် ဖြစ်သည်။ ထို့နောက် နှမ်းပင်ကြီးထွား ဖွံ့ဖြိုး ပွင့်သီးကာ အောင်မြင်စေရေးအတွက် ရေပေးသွင်းရန်လိုသည့်အချိန် သုံးချိန်ကို အသိပေးလိုသည်။ ထိုသုံးချိန်မှာ- (၁) ပန်းမပွင့်မီအချိန် (၂) ပန်းပွင့်ချိန်နှင့် (၃) နှမ်းအသီးဖြစ်တည်ချိန်တို့ ဖြစ်ပါသည်။ ပန်းမပွင့်မီအချိန်သည် နှမ်းလျင်စိုက်ပျိုးပြီး ၂၂ မှ ၂၅ ရက်အကြာတွင် ဖြစ်သည်။ ရေတစ်ကြိမ် ပေးသွင်းသင့်ပါသည်။ ပန်းပွင့်ချိန်သည် နှမ်းလျင်စိုက်ပျိုးပြီး ၃၅ မှ ၄၅ ရက်အကြာတွင် ဖြစ်သည်။ ရေတစ်ကြိမ် ပေးသွင်းသင့်ပါသည်။ နှမ်းအသီးဖြစ်တည်ချိန်တွင်မူ ရေလိုအပ်မှုအခြေအနေကိုကြည့်ပြီး တစ်ကြိမ်(သို့မဟုတ်) နှစ်ကြိမ် ရေပေးသွင်းသင့်ပါသည်။ နှမ်းအသီးများရင့်မှည့်သည့်ကာလတွင်မူ နှမ်းခင်းမြေသည် အစိုဓာတ်အနည်းငယ်ရှိသော အခြေအနေ ဖြစ်နေသင့်ပါသည်။ နှမ်းလျင်စိုက်ပျိုးအပြီး ၆၅ ရက်မှ ရက် ၇၀ နောက်ပိုင်းတွင်မူ ရေပေးသွင်းမှုပြုလုပ်ရန် မလိုတော့ကြောင်း အသိပေးလိုပါသည်။ မိုးကြိုနှမ်းလျင်သီးနှံ စိုက်ပျိုး‌ရေးဆိုင်ရာ လုပ်ငန်းများစွာအနက် မဖြစ်မနေသိရှိဆောင်ရွက်သင့်သည့် အရေးပါသည့်အချက်များကို သိရှိဆောင်ရွက်ခြင်းဖြင့် မိုးကြိုနှမ်းလျင်သီးနှံ စိုက်ပျိုးအောင်မြင်ကြစေလိုပါသည်။ ဆောင်းပါးများ/သတင်းများ ပြန်လည်ကူးယူဖော်ပြလိုပါက \"အစိမ်းရောင်လမ်းမှ ကူးယူဖော်ပြပါသည်\" ဟုထည့်ပေးပါရန် မေတ္တာရပ်ခံအပ်ပါသည်\r\n\r\n', '2024-02-28 15:23:01'),
(3, 'ဒူးရင်းသီး စိုက်ပျိုးနည်း', 'blog_two', 1, 'ဆုမြတ်နိုး ', 0, 'photo2.jpg', 'မြန်မာအမည်- ဒူးရင်း အင်္ဂလိပ်အမည်- Durian, Civet- Cat Fruit ရုက္ခဗေဒအမည်- ', 'မြန်မာအမည်- ဒူးရင်း အင်္ဂလိပ်အမည်- Durian, Civet- Cat Fruit ရုက္ခဗေဒအမည်- Durio zibethenus မျိုးရင်းအမည်- Bombaceae ၁။ မူရင်းဒေသ မလေးရှား၊ ယိုးဒယားနှင့် အင်ဒိုနီးရှားတို့၌ များစွာစိုက်ပျိုးဖြစ်ထွန်းသည်။ ၂။ ဒူးရင်းမျိုးများ ယခင်က ဒေသမျိုးများကိုသာ အသုံးပြုစိုက်ပျိုးလေ့ရှိပြီး ယခုအခါ လယ်ယာစိုက်ပျိုးရေးနှင့် ဆည်မြောင်းဝန်ကြီး ဌာန မြန်မာ့စိုက်ပျိုးရေးလုပ်ငန်းမှ နိုင်ငံခြားမျိုးများဖြင့် ကိုင်းဆက်မျိုးပွားထုတ်လုပ်ထားသည့် မိချောင်းခေါင်းမျိုး၊ ကန်ကလေး ၁ နှင့် ကန်ကလေး ၂ မျိုးများကို အသုံးပြုစိုက်ပျိုးကြပါသည်။ မျိုးကောင်းမျိုးသန့်ဒူးရင်းရွယ်ချယ်ရာတွင် (၁) အသီးထွက်ကောင်းရမည်။ (၂) အိမ်မြွာကြီးပြီး အသားထူ၊ အရသာကောင်းရမည်။ (၃) စောစောသီးပွင့်ရမည်။ ၃။ စိုက်ပျိုးသည့်ဒေသ မွန်ပြည်နယ်နှင့် တနင်္သာရီတိုင်းတွင် အများဆုံးဖြစ်ထွန်းသည်။ ပဲခူးတိုင်း၊ ရွှေကျင်နှင့် ကျောက်ကြီးဒေသတို့တွင်လည်း အနည်းငယ်စိုက်ပျိုးပါသည်။ ၄။ ရေမြေရာသီဥတု စွတ်စိုထိုင်းမှိုင်းသော မိုးရေချိန်လက်မ ၁၀၀- ၂၀၀ အတွင်း၊ အပူချိန် ၁၀- ၄၀ ဒီဂရီစင်တီဂရိတ် စိမ့်စမ်းကောင်းသည့် ရာသီဥတုကို နှစ်သက်ပါသည်။ သဲနုန်း၊ မြေပွ၊ မြေဆီမြေသားကောင်းသော လျှိုများ၏ တောင်စောင်းများ၊ မြစ်ချောင်း ကမ်းနဖူးများတွင် ကောင်းစွာ ပေါက်ရောက်သီးပွင့်ကြပါသည်။ ၅။ မျိုးပွားခြင်း ယခင်အပင်မှ အရည်အချင်းများကို ပြန်လည်ရရှိနိုင်သည့် လိင်မဲ့ မျိုးပွားနည်းစနစ်ဖြင့်သာ မျိုးပွားသင့်ပါသည်။ မျိုးပွားနည်း ၃မျိုးရှိပါသည်။ (၁) အစေ့မှမျိုးပွားခြင်း (၂) အဖူးမြုပ် မျိုးပွားခြင်း (၃) ကိုင်းကူးကိုင်းဆက်မျိုးပွားခြင်း ဒေသနှင့်ကိုက်ညီ၍ ရောဂါဒဏ်ခံနိုင်သော မျိုးများအနက် သီးထွက်နှင့် အရည်အသွေးကောင်းမွန်သော အပင်မှ အဖူးကိုင်းကိုရွေးချယ်၍ ကိုင်းဆက်အဖူးမြှုပ်မျိုးပွားထားသော ပျိုးပင်ကိုသာအသုံးပြုရပါမည်။ အဖူးမြှုပ်သွင်းရန် အောက်ခံပင်အနေဖြင့် ဒေသတွင်းမျိုးကိုသာ သုံးပါသည်။ အသက် ၁၅-၂၀ နှစ်ရှိအလောတော် အမြင့်ရှိအပင်များမှရောဂါပိုးမွှား၊ ရာသီဥတု ဒဏ်ခံနိုင်မှုအရှိဆုံးမျိုးပင်ကို ရွေး၍ ရင့်ပြီးကြွေကျသော အသီးများမှ အစေ့များကို ရွေးချယ်ပျိုးထောင်ရပါသည်။ အဖူးအဖြစ် ပြည်တွင်းမျိုးမှ အရသာကောင်း အမွှာကြီးပြီး အသီးများများတင်သည့် မျိုးကိုသုံးပါ။ နိုင်ငံခြားမျိုးများကိုလည်း အဖူးအဖြစ်သုံးကြပါသည်။ ကိုင်းကူးကိုင်းဆက်ခြင်းဖြင့် မျိုးပွားရာတွင် အောက်ခံပင်ခြောက်လမှ တစ်နှစ်သားအရွယ်ထိ မျိုးပွားနိုင်ပါသည်။ အသုံးများသောနည်းမှာ သပ်သွင်းကိုင်းဆက်နည်း ( Wedge Grafting) ဖြစ်ပြီး အောင်မြင်မှုအများဆုံးဖြစ်ပါသည်။ အခြားနည်းမှာ အစေ့များကို ပလတ်စတစ်အိတ်ဖြင့် ပျိုးထောင်ပြီး ၃လသားအရွယ် အစေ့ရွက် မကွာမီအချိန်တွင် အောက်ခံပင်တွင်ချည်နှောင်ကာ ချဉ်းကပ်ကိုင်းဆက်နည်း ( Inarching) ဖြင့် မျိုးပွားနိုင်ပါသည်။ ငွေကြေးကုန်ကျသက်သာပြီး ဒူးရင်းတစ်ပင်မှ ပျိုးပင်များစွာကို ကိုင်းကူး၍ ရနိုင်ပါသည်။ ၆။ စိုက်ပျိုးနည်း သုံးပေပတ်လည်အရွယ် ကျင်းတူး၍ အပေါ်ယံမြေလွှာနှင့် သဘာဝမြေဩဇာအတူရောထည့် စိုက်ပျိုးရန် ဖြစ်ပါသည်။ ကျင်းအကွာအဝေးကို ၁၈ x ၂၄ ပေ မြေအနေအထားနှင့် မြေဆီထက်သန်မှုကိုကြည့်၍ စိုက်ကွက်ဖော်ပါ။ တစ်ဧကလျှင် အပင်ရေ ၁၀၀ပင် ဝင်ဆံ့နိုင်သည်။ နှစ်နှစ် သုံးနှစ် သက်တမ်းရှိသော ကျန်းမာသန်စွမ်းသည့် ကိုင်းဆက်ပျိုးပင်ကြီးများ ရွေးချယ်၍ မိုးဦးကျ မေလနှင့် ဇွန်လများတွင် အပြီးစိုက်ပျိုးနိုင်ပါသည်။ အပင်ငယ်စဉ်တွင် နေပူရှိန်တိုက်ရိုက်ခံနိုင်စွမ်းမရှိ၍ နွေရာသီတွင် အရိပ်ပြုလုပ်ပေးလေ့ရှိကြပါသည်။ အဖူးမြုပ်မျိုးပွားထားသော အပင်များကို မြေပြန့်တွင်သာ စိုက်ပျိုးသင့်ပါသည်။ တောင်စောင်းလျှိုစောင်းများတွင် စိုက်ပျိုးပါက အရှေ့ဘက်သို့ လျှောကျသော စောင်းများတွင် စိုက်သင့်သည်။ သို့မှသာလေကာရရှိနိုင်သည်။ (စိုက်ပျိုးပညာပေးရေးဌာနခွဲမှ ထုတ်ဝေသော သစ်သီးဝလံစိုက်ပျိုးနည်းစာအုပ်မှကောက်နုတ်ဖော်ပြထားခြင်းဖြစ်ပါသည်။)', '2024-02-28 15:49:37'),
(4, 'မြေပုံ မြင့်တင် စိုက်စနစ်', 'blog_3', 2, 'အစိမ်းရောင်လမ်း', 0, '8.jpg', 'Hügelkultur ကို ဂျာမနီမှ တိုက်ရိုက် ပြန်ဆိုသည်။ အဓိပ္ပာယ်မှာ “မြှင့်ထားသော အစဉ်အလာ” ဖြစ်သည်။', 'Hügelkultur ကို ဂျာမနီမှ တိုက်ရိုက် ပြန်ဆိုသည်။ အဓိပ္ပာယ်မှာ “မြှင့်ထားသော အစဉ်အလာ” ဖြစ်သည်။ အတိအကျပြောရလျှင် သစ်ဆွေးနှင့် အော်ဂဲနစ် ပစ္စည်းများကို သုံးပြီး ရေသိုလှောင် နိုင်သော၊ မိမိဘာသာမိမိ ကျွေးမွေးနိုင်သော အရင်းအနှီးနည်း စိုက်ခင်း ဖြစ်ဖို့ သုံးရခြင်း ဖြစ်သည်။ ၎င်းသည် စိုက်ခင်းတည်ပြီးလျှင် နှစ်ပေါင်းများစွာ အပြင်မှ ဓာတ်မြေသြဇာ ပေးစရာမလိုဘဲ ကျန်သည့် အချိန်ကာလအတွက် ရေကို လိုအပ်သလို ပေးနိုင်ပြီး ရိုးရှင်သော စိုက်ပျိုးနည်းကိုသာ အခြေခံထားသည်။ထို့ကြောင့် ဤနည်းသည် ခြောက်သွေ့ရာသီနှင့် ဓာတ်မြေသြဇာ စျေးကြီးပြီး ဝယ်ယူမရနိုင်သော နေရာတို့အတွက် သင့်တော်သည်။\n\nHugelkulturစိုက်ခင်းသည် အခြားစိုက်ခင်းများနှင့် အချိုးစပ်ပုံ အနည်းငယ်ကွာခြားသည်။ အဓိက ကွာခြားချက်မှာ စိုက်ခင်းများသည် သစ်ဆွေး၏ အပုံပေါ်၌သာ ခင်းရပြီး အခြားရောစပ်ရသော သစ်ရွက်၊ သစ်စ အပြင် ရှိထားသည့် အရာများကိုပါ ရောစပ်ရသည်။ အမြောက်အများရောစပ်ရ သောကြောင့် စိုက်ခင်းကို အမြင့်ပိုင်းတွင် ဆောက်ရမည်။ ရံဖန်ရံခါ စိုက်ခင်းနေရာကို အနည်းငယ် တူးထားရပေမည်။ အတိမ်အနက် မည်မျှတူးရမည်ကိုမူ မိမိနှစ်သက်သလို အချိန်ကာလ၊ စိုက်ခင်းတည်ရာတွင် အားမည်မျှ စိုက်ထုတ်နိုင်ခြင်း (မြေတူးစက် အကူအညီဖြင့် အလွယ်တကူ တူးနိုင်သော်လည်း)၊ မြေဆီလွှာ မာကြောပုံတို့အပေါ် မူတည်၍ ဆုံးဖြတ်ရပေမည်။ ဥပမာ hugelkultur စိုက်ခင်းကို မြေနေရာကန့်သတ်ချက်ရှိသော နေရာတွင် တည်လိုပါက မြေကြီးထက် အနည်းငယ်မြင့်သော၊ အမှန်တကယ်တွင် ၆ လက်မလောက်မြှင့်ပြီး တည်ရပေမည်။ အများစုမှာ စိုက်ခင်းကို ၄ ပေ အနည်းဆုံး မြှင့်ရမည်ဖြစ်ပြီး စိုက်ခင်းတည်အပြီးတွင်မူ ၆ ပေ ရှိရမည်ဟု ပြောသည်။ အထူးသဖြင့် ဤအမြင့်သည် ပထမ နှစ်နှစ်အတွင်း အော်ဂဲနစ်ကုန်ဆုံးမှုနှင့် တဖြည်းဖြည်း တိုက်စားမှုအဖြစ် ကုန်ဆုံးသွားမည် ဖြစ်သည်။ ပုံစံသည် မကျလျှင် သို့မဟုတ် သစ်နှင့် အော်ဂဲနစ်ပစ္စည်းများ မလုံလောက်လျှင် စိုက်ခင်းကို ရှိနေပြီးသားမြေနေရာကို အခြားနေရာမှ မြေများ စုပုံပြီး ၎င်း၏ ထိပ်တွင် ရိုးရိုးရှင်းရှင်းပင် တည်နိုင်ပေသည်။ ပုံမှန်အားဖြင့် တူးမြောင်းများကို ၂ ပေ မှ ၃ ပေ လောက်အထိ မြေမှ ခွာရမည်ဖြစ်ပြီး မြက်ပင် ပေါင်းပင်များကိုလည်း သတ်သတ်ဖယ်ထားရမည် ဖြစ်သည်။ သစ်ဆွေးများကို ထည့်၊ အခြားထည့်၍ရသည့်အရာများကိုလည်းထည့်ကာ မြေဆီလွှာဖြစ်လွယ်သော မြက်များနှင့် ဖုံးပြီး ကျန်မြေကြီးများနှင့် ပြန်အုပ်ထားရမည် ဖြစ်သည်။ ဤပြီးလျှင် စိုက်ခင်းသည် စိုက်ပျိုးရန် အဆင်သင့်နေပြီ ဖြစ်သည်။ ချက်ချင်း စိုက်ခင်းစစိုက်နိုင်ပြီ ဖြစ်ကြောင်း အကြောင်းပြချက်ကောင်းရှိကြောင်း နောက်မှ ပြောမည်ဖြစ်သည်။ ထိုကဲ့သို့ စိုက်ပျိုးနည်၏ သော့ချက်က အော်ဂဲနစ် ပစ္စည်းအပုံက စိုက်ခင်း အောက်ဘက်ကို အားပေးလို့ပဲ ဖြစ်တယ်။ သစ်သည် မြေဆွေးကဲ့သို့ဖြစ်ပြီး မြေကြီးမှ အစိုဓာတ်ထိန်းသိမ်းပေးသည့်အပြင် စိုက်ခင်းကိုလည်း ရေဓာတ်ရစေသည်။  သစ်သည် အာဟာရဖြစ်သွားပြီး ဘက်တီးရီးယားကဲ့သို့သော ပိုးကောင်များ အစာချက်ကျွေးသော စိုက်ခင်း မြေဆီလွှာကို တိုက်ရိုက် ကျွေးမွေးသည်။ သစ်သည် ဆွေးသွားပြီး ၎င်းဆွေးခြင်းသည် အချိန်ကြာလာသည်နှင့် အမျှ မြေဆီလွှာကို ပျော့စေပြီး အမြစ်ခိုင်မာစေရန် လေပေါက်လေးများဖြစ်စေသည်။\n\nပစ္စည်းအမျိုးမျိုးကို အမြောက်အများ၊ နေရာမရွေး၊ မြေဆီလွှာမရွေး hugelkutlur တစ်ခုကို ပြုလုပ်နိုင်သည်။ သို့သော်လည်း စိုက်ခင်းမတည်မှီ စဉ်းစားရမည့်အရာအချို့ရှိသည်။ တည်နေရာသည် ပထမဆုံး နှင့် ဦးဆုံး ဖြစ်သည်။ စိုက်ခင်းနေရာ ရွေးချယ်ရာ၌ အချက်အလက် အမြောက်အများကို စဉ်းစားသင့်ပေသည်။ နေရောင်သည်လည်း စဉ်းစားရမည့် အချက်တွင် ပါဝင်သည်။ စိုက်ခင်းသည် နေ့ခင်းဘက်တွင် နေရောင် အမြောက်အများ ရသင့်သည်။ အပင်အများစုအတွက် စိုက်ခင်းသည် တောင်နှင့် မြောက်ဦးတည်ရလျှင် အပင်အခြေအနေကောင်းပြီး အလင်းရောင်တိုက်ရိုက်မလိုသော အပင် စိုက်လိုလျှင် အရှေ့အနောက် ဦးတည်ပါက တစ်နေ့လုံး နေရောင်အနည်းငယ်သာ ရရှိမည်ဖြစ်သည်။', '2024-03-01 08:52:49'),
(6, 'နွေသီးနှံအဖြစ် မတ်ပဲစိုက်ပျိုးမည်ဆိုလျှင် (အပိုင်း ၂)', 'halo', 1, 'ဆုမြတ်နိုး ', 0, '1.jpeg', 'ရေ မြေ ဒေသ ရာသီဥတု အပေါ်မူတည်၍ စိုက်စနစ်များ မည်မျှပင် ကွဲပြားခြားနား စေကာမူ', 'စိုက်နည်းစနစ်များ \r\n\r\nရေ မြေ ဒေသ ရာသီဥတု အပေါ်မူတည်၍ စိုက်စနစ်များ မည်မျှပင် ကွဲပြားခြားနား စေကာမူ သီးနှံဖြစ်ထွန်းရန်အတွက် လိုအပ်သော မြေပြုပြင်မှု၊ မျိုးစေ့အပင်ပေါက်ရန်၊ ပြုစုထိမ်းသိမ်းမှု စနစ်များကို အခြေခံနေပြီး အပင်ဖြစ်ထွန်ချိန်တလျောက် လိုအပ်သည့် မြေအစိုဓာတ်ရရှိရန် အလေးထား ဆောင်ရွက်ရမည့်အပြင် အပူချိန်မြင့်မားချိန် ပန်းပွင့်ခြင်း အသီးဝင်ခြင်းတို့အား အဟန့်အတားဖြစ်စေသည့် ပိုးမွားရောဂါကို ကာကွယ်ခြင်းနှိမ်နင်းခြင်းတို့အား အချိန်နှင့်တပြေးညီ လုပ်ဆောင်ရမည် ဖြစ်ပါတယ်။ \r\n\r\nမြေအမျိုးအစား ရာသီဥတု အပေါ်မူတည်၍ စိုက်ပျိုးစနစ် အမျိုးမျိုးရှိနေပါသည်။\r\n\r\n၁။ ထယ်ရေးမဲ့စနစ်\r\n\r\n၂။ ထွန်ရေးပေါ် ကြဲပက်စနစ်\r\n\r\nတနယ်မြေစေး၊ တနယ်ဖွတ်ချေး မြေများတွင် လုပ်ဆောင်နိူင်ပြီး သဲဆန်သောမြေများတွင် မလုပ်ဆောင်သင့်ပါဘူး။ သဲဆန်သောမြေသည် မြေအစိုဓာတ်မထိန်းနိုင်ခြင်း၊ မြေကြပ်ခြင်းကို ဖြစ်ပေါ်စေ၍ ဖြစ်ပါတယ်။\r\n\r\nမတ်ပဲ၊ ကုလားပဲ၊ ဂျုံ၊ နေကြာ၊ စပါး စသည့် ဆောင်း၊ မိုး သီးနှံ ရိတ်သိမ်းပြီး၍ ခြောက်သွေ့နေသော မြေပြင် (သို့) ထွန်ယက်ထားသည့် ထွန်ရေးပြင်ပေါ်သို့ မိမိကြဲပက်လိုသည့် မျိုးစေ့ပမာဏအား ကြဲပက်ပြီး ရေဝအောင် တင်ပေးပြီး အပင်ရရှိအောင် ဆောင်ရွက်ခြင်း ဖြစ်ပါတယ်။\r\n\r\nထိုမှတဆင့် ရရှိလာသည့် အပင်များကို ပြုစုထိမ်းသိမ်းခြင်းဖြစ်ပါတယ်။\r\n\r\n၃။ ထွန်ယက်စိုက်ပျိုးခြင်း(ထွန်ပဲစနစ်) ပုံမှန် စိုက်ပျိုးနေကြသော စိုက်စနစ် ဖြစ်ပါသည်၊ \r\n\r\nသတိပြုရမှာကတော့ နွေသီးနှံတွင် ထွန်ယက်စိုက်ပျိုးခြင်းမှာ ဆောင်းသီးနှံကဲ့သို့ မြေကြီးအား အခြောက်ခံ၍ မရဘဲ မျက်ခြေမပြတ်စောင့်ကြည့် ထွန်ယက်ဖို့ လိုအပ်တယ်ဆိုတာပါပဲ။ထွန်ယက်စိုက်ပျိုးရာတွင် မျိုးစေ့အား သေချာစွာ  ဖုံးအုပ်မိရန် အထူးလိုအပ်ပါတယ်။\r\n\r\nမျိုးစေ့နှုန်း\r\n\r\nသီးနှံစိုက်ပျိုးခြင်းလုပ်ငန်းတွင် စိုက်ပျိုးသည့် နည်းစနစ်အပေါ်မူတည်၍ မျိုးစေ့နှုန်း ကွာခြားမှု ရှိသလို မြေအမျိုးအစား၊ မြေအစိုဓာတ် အပေါ်မူတည်၍ ကွာခြားမှုရှိနေကြပါတယ်။\r\n\r\nစိုက်ပျိုးသူအနေဖြင့် ဘယ်ဒေသကလူ မျိုးဘယ်လိုသုံးတယ် ဘယ်လောက်ထွက်တယ်ဆိုပြီး သူများသုံးလို့ လိုက်သုံးနေခြင်းသည် မှန်ကန်သောလုပ်ရပ်မဟုတ်ပါဘူး။\r\n\r\nမိမိ၏ မြေအမျိုးအစား၊ စိုက်စနစ် အပေါ်မူတည်၍ မျိုးစေ့နှုန်းကို အလျော့အတင်းပြုလုပ်ရန် လိုအပ်ပြီး မျိုးစေ့နှုန်းများတိုင်း အထွက်မများနိူင်ဘူးဆိုတာ သိစေခြင်ပါတယ်။\r\n\r\nမျိုးစေ့နှုန်းမှာ မြေအမျိုးအစားအလိုက် ကွာခြားမှုရှိရာ\r\n\r\nသဲနှုန်းမြေများ သဲဆန်သောမြေများတွင် မျိုးစေ့အပင်ပေါက်ရန် လွယ်ကူသဖြင့် မျိုးစေ့နှုန်းလျှော့၍ ရသော်လည်း တနယ်မြေစေး တနယ်ဖွတ်ချေး နုန်းမြေများတွင် မျိုးစေ့နှုန်းအား လျှော့ချ၍မရနိူင်ပေ။\r\n\r\nမျိုးစေ့ချထွန်ဖြင့် စိုက်ပျိုးပါက (၄-၆)ပြည်၊ သဲဆန်သောမြေဖြစ်ပါက (၈-၁၂)ပြည်၊ နုန်းတင်မြေနု ဖြစ်ပါက (၁၀-၁၄)ပြည်၊ တနယ်မြေစေး၊ တနယ်ဖွတ်ချေး ဆိုပါက (၁၄-၁၆) ပြည်အထိ သုံးစွဲသင့်တယ်လို့ ဆိုသော်လည်း မိမိတို့ဒေသအလိုက် သုံးစွဲနေကြသော မျိုးစေ့နှုန်းနှင့် ပတ်သက်၍ အငြင်းမပွားလိုပါဘူး။\r\n\r\nအချို့ဆိုလျှင် ဆောင်းသီးနှံတွင် မျိုးစေ့နှုန်း တစ်ဧကလျှင်(တစ်ဧကလျှင်(၂၄-၃၂)ပြည်အထိ သုံးစွဲနေကြတာကိုး( ရေဆင်း ၂၊ ၃၊၅ ကဲ့သို့ မျိုးများတွင်ပင် သုံးနေကြတာပါ)\r\n\r\n သတိပြုရမှာကတော့ မျိုးစေ့နှုန်းများခြင်း၏ ဆိုးကျိုးဖြစ်သည် အပင်ဦးရေများခြင်းကြောင့် ကြုံတွေ့နေရသည့် ပိုးမွားရောဂါ ကျရောက်မှုဒဏ်ကိုတော့ ခံစားကြရမှာဖြစ်ပါတယ်။\r\n\r\nရေပေးသွင်းခြင်း\r\n\r\nမတ်ပဲအား နွေသီးနှံအဖြစ် စိုက်ပျိုးမည်ဆိုပါက ရေပေးသွင်းခြင်း လုပ်ငန်းသည် ပထမဦးဆုံး စတင်လုပ်ဆောင်ရမည့် အဓိကလုပ်ငန်းဖြစ်ပါတယ်။\r\n\r\n၁။ ထယ်ရေးမဲ့စနစ်၊ ထွန်ရေးပေါ် ကြဲပက်စနစ်ဖြင့် စိုက်သည်ဖြစ်စေ။\r\n\r\n၂။ ထွန်ယက်စိုက်ပျိုးခြင်း(ထွန်ပဲစနစ်) ဖြင့် စိုက်သည်ဖြစ်စေ။\r\n\r\nပထမဦးဆုံး လုပ်ဆောင်ရမှာက ရေတင်ခြင်းဖြစ်ပြီး ထိုလုပ်ငန်းပြီးမှသာ မြေပြုပြင်ခြင်း၊ စိုက်ပျိုးခြင်း တို့လုပ်ဆောင်ရမှာပါ။\r\n\r\n၁။ ထယ်ရေးမဲ့စနစ်၊ ထွန်ရေးပေါ် ကြဲပက်စနစ်ဖြင့် စိုက်ပျိုးမည်ဆိုပါလျှင် \r\n\r\nပထမရေ အဖြစ်\r\n\r\nမြေပြင် (သို့) ထွန်ယက်ထားသော ထွန်ရေးပြင်တွင် မျိုးစေ့ကြဲပက်ပြီး ရေဝအောင်တင်ရမှာပါ။\r\n\r\nရေဝအောင် ဆိုရာတွင် မနက်တင်သော ရေသည် (၆- ၁၂) နာရီအတွင်း ခမ်းသွားရန်လိုပါသည်။\r\n\r\n( ထယ်ရေပြင်အား ရေတင်ခြင်းဖြစ်၍ ထိုကာလထားနိုင်ခြင်းဖြစ်ပြီး အပင်အားရေသွင်းလျင်မူ (၆) နာရီကြာလျင် ရေခမ်းမှသာလျင် အပင်မထိခိုက်နိူင်မှာပါ)\r\n\r\nထိုသို့ မျိုးစေ့ကြဲပက်ပြီး ရေသွင်းခြင်း၏ အားသာချက်မှာ အပင်ပေါက်နှုန်းကောင်းခြင်း(အစေ့ထယ်ရေးပေါ်တင်ခြင်း မရှိခြင်း) အပင်ကြီးထွားနှုန်းမြန်ခြင်းဖြစ်ပြီး အားနည်းချက်မှာ မြေအစိုဓာတ်မှာ ထွန်ရေးလုပ်ဆောင်ထားသည့် အခင်းလို ကြာရှည်မထိမ်းနိူင်၍ ဒုတိယရေပေးသွင်းခြင်းအား ဂရုစိုက် လုပ်ဆောင်ရန်ရန် လိုအပ်ပါတယ်။\r\n\r\n', '2024-03-03 04:02:38'),
(7, 'စပါးလင်ဆီမွှေးပင် စိုက်ပျိုးနည်း', 'စပါးလင်ဆီမွှေးပင်_စိုက်ပျိုးနည်း', 1, 'အစိမ်းရောင်လမ်း', 0, '2.jpeg', 'စပါးလင်ဆီမွှေး (Cintronella) ဟာ သက်ကယ်ပင်နဲ့ ဆင်တူသလို ဂျပန်မြက် (မြက်ယားပင်) နဲ့လည်း တူပါတယ်။', 'စပါးလင်ဆီမွှေး (Cintronella) ဟာ သက်ကယ်ပင်နဲ့ ဆင်တူသလို ဂျပန်မြက် (မြက်ယားပင်) နဲ့လည်း တူပါတယ်။ စပါးလင်ဆီမွှေးဟာ စပါးလင်လောက် အနံ့မပြင်းပေမယ့် နှစ်လိုဖွယ်ကောင်းတဲ့ သံပရာအနံ့ရှိတာကြောင့် လူကြိုက်များပါတယ်။ သူ့ရဲ့အရွက်ကို ဟင်းလျာတွေနဲ့ ဟင်းချိုချက်ပြုတ်ရာမှာ အနံ့အရသာ ကောင်းစေဖို့ အသုံးပြုကြတာ ဖြစ်ပါတယ်။ ထို့အပြင် အရည်ရွှမ်းတဲ့ပင်စည်ရဲ့ အဖြူရောင်အပိုင်းကိုလည်း ဟင်းခတ်အမွှေးအကြိုင်အနေနဲ့ အသုံးပြုနိုင်ပါတယ်။ ရနံ့မွှေးတဲ့ လက်ဖက်ခြောက်ကိုလည်း အရွက်ကနေ ပြုလုပ်ရယူနိုင်ပါသေးတယ်။ စပါးလင်ဆီမွှေးပင်ကနေ ထုတ်ယူရရှိတဲ့ အဆီမှာဆိုရင် geraniol၊ citral နဲ့ citronellal ဓာတ်တွေပါဝင်နေပြီး အမျိုးမျိုးသော အစားအစာတွေ ထုတ်လုပ်ရာမှာ အရသာကောင်းမွန်စေဖို့အတွက် အသုံးပြုကြတာ ဖြစ်ပါတယ်။ Citral ဓာတ်ဟာဆိုရင် ပန်းသီး၊ သံပရာ၊ စတော်ဘယ်ရီနဲ့ ဗနီလာ အရသာများကို တုပဖို့ရာအတွင် အသုံးပြုနိုင်တာ ဖြစ်ပါတယ်။\r\n\r\nစပါးလင်ဆီမွှေးရဲ့ မူရင်းဒေသက အာရှတိုက် တောက်ဘက်ပိုင်းဒေသတွေပဲ ဖြစ်ပါတယ်။ စပါးလင်ဆီမွှေး အပင်ရုံတစ်ရုံဟာ အမြင့် ၄ ပေကနေ ၆ ပေအထိ ကြီးထွားနိုင်ပါတယ်။ မြန်မာနိုင်ငံမှာတော့ နေရာဒေသ အနှံ့အပြားမှာ ပေါက်ရောက်နိုင်ပါတယ်။ \r\n\r\nအလင်းရောင် \r\n\r\nစပါးလင်ဆီမွှေးအပင်တွေကို အိုးနဲ့ စိုက်ပျိုးနိုင်သလို မြေကြီးပေါ်မှာ ချစိုက်လို့လည်း ရပါတယ်။ အလင်းရောင် ကောင်းစွာရရှိတဲ့နေရာမှာ စိုက်ပျိုးမယ်ဆိုရင် အပင်ကြီးထွားသန်မာဖို့ အထောက်အကူပြုနိုင်မှာ ဖြစ်ပါတယ်။ စပါးလင်ဆီမွှေးအပင်တွေဟာ နေရောင်ခြည် တိုက်ရိုက်ကျရောက်တာကို ကောင်းကောင်းခံနိုင်ရည်ရှိသလို အရိပ်အနည်းငယ်ရစေနိုင်မယ့် သစ်ပင်တွေအနီးအနားနဲ့ အိမ်ပတ်ဝန်းကျင် အနီးအနားမှာလည်း စိုက်ပျိုးနိုင်ပါတယ်။ \r\n\r\nမြေဆီလွှာ \r\n\r\nစပါးလင်ဆီမွှေးအပင်ဟာ မြေဆီလွှာ အတော်များများမှာ စိုက်ပျိုးဖြစ်ထွန်းနိုင်ပါတယ်။ အဓိကအားဖြင့် သစ်ဆွေးဓာတ်ကို အခြေခံတဲ့ မြေဆီလွှာကို ကြိုက်နှစ်သက်ပြီး ရေဝပ်တာမျိုးကိုတော့ နှစ်သက်ခြင်းမရှိပါဘူး။ မိုးများတဲ့ ဒေသတွေမှာဆိုရင် ဂဝံမြေနဲ့ ဂဝံအောက်ခံမြေတွေမှာ ကောင်းစွာဖြစ်ထွန်းနိုင်ပါတယ်။ အိုးနဲ့စိုက်ပျိုးတဲ့ အပင်တွေမှာတော့ မြေဆီလွှာအစိုဓာတ်ကိုလည်း ထိန်းထားစေချင်တယ် ရေစိမ့်ဝင်မှုလည်း ကောင်းစေချင်တယ်ဆိုရင်တော့  ကျောက်ပွ (Perlite) ၊ ရေညှိအဆွေး (Peat moss) နဲ့ အသင့်သုံး စပ်မြေတို့ကို ကောင်းစွာရောစပ်ပြီး စိုက်ပျိုးနိုင်ပါတယ်။ \r\n\r\nရေ \r\n\r\nစပါးလင်ဆီမွှေးအပင်ဟာ နေရောင်ခြည်ကောင်းကောင်းရတဲ့ နေရာမှာ ရှင်သန်ဖြစ်ထွန်းနိုင်ပြီး ပူပြင်းမှုကို ခံနိုင်ရည်ရှိပေမယ့် အစိုဓာတ်မပြတ်ရှိနေဖို့အတွက် ရေကိုပုံမှန်လောင်းပေးဖို့ လိုအပ်ပါတယ်။ မြေဆီလွှာကို ပုံမှန်စစ်ဆေးပြီး အပေါ်ယံမြေသား ၂ လက်မခန့်လောက် ခြောက်သွေ့နေပြီဆိုရင် ရေလောင်းပေးဖို့ လိုအပ်ပါတယ်။ ရေမလောင်းဘဲနဲ့ အချိန်အတော်ကြာကြာ ထားလိုက်မယ်ဆိုရင် အပင်ရဲ့အောက်ဖက်မှာရှိနေတဲ့ အရွက်တွေဟာ တဖြည်းဖြည်းနဲ့ အဝါရောင်ပြောင်းလာပြီး ခြောက်သွေ့ကာ ကြွေကျသေဆုံးသွားမှာ ဖြစ်ပါတယ်။ ထို့နောက် အပင်ရဲ့ ရှင်သန်နိုင်စွမ်းကိုပါ ထိခိုက်လာမှာ ဖြစ်ပါတယ်။ ရေဝပ်တာမျိုးကိုတော့ မကြိုက်နှစ်သက်ပေမယ့် အပင်ခြေမှာ အစိုဓာတ်မပြတ်ရှိနေဖို့ကို အမြဲသတိပြုသင့်ပါတယ်။ \r\n\r\nရာသီဥတုနဲ့ စိုထိုင်းဆ \r\n\r\nစပါးလင်ဆီမွှေးအပင်ဟာ အကြမ်းခံတဲ့ အပင်ဖြစ်ကာ ပူနွေးပြီး မိုးများတဲ့ဒေသတွေမှာ ကောင်းစွာ ရှင်သန်ဖြစ်ထွန်းနိုင်ပါတယ်။ အရမ်းပူလွန်း အေးလွန်းတဲ့အခါမှာတော့ အပင်တွေကို ထိခိုက်ပျက်စီးစေနိုင်ပါတယ်။ အစိုဓာတ် ကြိုက်နှစ်သက်တဲ့ အပင်ဖြစ်ပေမယ့်လည်း အပင်ရဲ့ပတ်ဝန်းကျင်မှာ အစိုဓာတ် အရမ်းများနေမယ်ဆိုရင်လည်း အပင်ကို ပုပ်စေနိုင်ပါတယ်။ ၎င်းတို့ ကြိုက်နှစ်သက်တဲ့ စိုထိုင်းဆ ပမာဏကတော့ ၄၀ - ၇၀ ရာခိုင်နှုန်းအတွင်း ဖြစ်ပါတယ်။ \r\n\r\nစိုက်ပျိုးမှု \r\n\r\nများသောအားဖြင့် မြေအစိုဓာတ် အလုံအလောက်ရရှိတဲ့ မေလနဲ့ ဇွန်လတွေမှာ စိုက်ပျိုးကြလေ့ရှိပေမဲ့ ရေကို အလွယ်တကူရရှိနိုင်တဲ့ နေရာတွေမှာတော့ တစ်နှစ်ပတ်လုံးစိုက်ပျိုးနိုင်ပါတယ်။ ပထမဆုံးအနေနဲ့ အကျယ် ၃ ပေ၊ အမြင့် ၆ လက်မ (သို့မဟုတ်) ၁ ပေရှိတဲ့ စိုက်ပေါင်တွေကို ဖော်ရမှာ ဖြစ်ပါတယ်။ မြေအစိုဓာတ် ကောင်းကောင်းရှိနေပြီဆိုရင် စပါးလင်ဆီမွှေး အသားတက်တွေကို စိုက်ပေါင်မှာ တစ်ပင်နဲ့ တစ်ပင် ၁ ပေခန့်ခွာပြီး အောက်ခြေအဆစ်တွေ မြုပ်တဲ့အထိ မြုပ်ပြီးစိုက်ပေးရမှာ ဖြစ်ပါတယ်။ ပင်ကြား ၁ ပေ တန်းကြား ၃ ပေ ခန့်ခွာပြီး စိုက်ပျိုးနိုင်ပါတယ်။ ', '2024-03-03 04:09:40'),
(8, 'သလဲသီး စိုက်ပျိုးခြင်း', 'သလဲသီး_စိုက်ပျိုးခြင်း', 1, 'Thet Htar Zin', 0, '3.jpeg', 'သလဲပင်၏ မူရင်းဒေသသည် အီရန်နိုင်ငံဖြစ်၍ အီရန်နိုင်ငံမှ အိန္ဒိယမြောက်ပိုင်းသို့ ကျယ်ပြန့်လာပြီး မြေထဲပင်လယ်ဒေသတစ်လျှောက်တွင် စိုက်ပျိုးလာကြသည်။ ', 'သလဲပင်၏ မူရင်းဒေသသည် အီရန်နိုင်ငံဖြစ်၍ အီရန်နိုင်ငံမှ အိန္ဒိယမြောက်ပိုင်းသို့ ကျယ်ပြန့်လာပြီး မြေထဲပင်လယ်ဒေသတစ်လျှောက်တွင် စိုက်ပျိုးလာကြသည်။ ၁၆ရာစုနှောင်းပိုင်းတွင် စပိန်အမေရိကားနှင့် ကယ်လီဖိုးနီးယားတို့တတွင် စတင်စိုက်ပျိုးလာကြသည်။\r\n\r\n     သလဲသီးကို ကမ္ဘာ့မြောက်ပိုင်းတွင် စက်တင်ဘာလမှ ဖေဖော်ဝါရီလတွင် စိုက်ပျိုးကြပြီး ကမ္ဘာ့တောင်ပိုင်းခြမ်းတွင် မတ်လမှ မေလတွင် စိုက်ပျိုးဖြစ်ထွန်းသည်ဟု သိရသည်.။\r\n\r\n      သလဲပင်သည် ချုံပုတ်ပင်အမျိုးအစားဖြစ်သည်။ သလဲပင်၏အပွင့်သည် အနီရောင်တောက်ပသောအရောင်ရှိပြီး အချင်းဝက် ၁ လက်မခန့်ရှိသည်။ သလဲသီး၏အရောင်သည် မမှည့်ခင် စိမ်းဝါရောင်ရှိပြီး မှည့်ပါက အနီရောင်အဖြစ် တွေ့ရပါသည်။ သလဲသီး၏အရွယ်အစားမှာ အချင်း ၂လက်မ မှ ၄.၅လက်မ အထိ ရှိနိုင်သည်။ သလဲပင်ကို အသီးရရှိရန်အတွက် စိုက်ပျိုးကြသကဲ့သို့ ပန်းခြံများနှင့် ဥယျာဥ်များတွင် အလှစိုက်သစ်ပင်/ ချုံပုတ်ပင်ငယ်များအဖြစ် စိုက်ပျိုးကြသည်။ သလဲပင်၏ အပင်အမြင့်သည် ပြုစုသည့်အခြေအနေပေါ်တွင် မူတည်၍ (၁၆)ပေမှ (၃၃)ပေအထိ ရှိနိုင်သည်။\r\n\r\nအင်္ဂလိပ်အမည် - Pomegranate\r\n\r\nရုက္ခဗေဒအမည် - Punica granatum\r\n\r\nမျိုးရင်း - Punicaceae\r\n\r\nသလဲသီးစိုက်ပျိုးခြင်း\r\n\r\n    သလဲသီးပင်သည် ရေငတ်ဒဏ်ကို ကောင်းစွာခံနိုင်ပြီး အအေးဒဏ်ကိုလည်း အတော်ခံနိုင်သည်။ မြေမရွေး စိုက်ပျိုးနိုင်ပြီး နုန်းဆန်သောမြေတွင် ပိုမို ထွက်ရှိနိုင်သည်။ သလဲပင်သည် မိုးခေါင်ရေရှားမှုဒဏ်ကို ခံနိုင်ရည်ရှိပြီး မြေထဲပင်လယ်ဆောင်းရာသီမိုးရွာသွန်းမှု နှင့် နွေရာသီမိုးရွာသွန်းမှုအခြေအနေတို့တွင်လည် စိုက်ပျိုးနိုင်သည်။ သလဲပင်သည် နှင်းခါးရိုက်ဒဏ်ကို အသင့်အတင့်ခံနိုင်ရည်ရှိ၍ -၁၂ ဒီဂရီစင်တီဂရိတ် (၁၀ဒီဂရီဖာရင်ဟိုက်) တွင်လည်း စိုက်ပျိုးနိုင်သည်။\r\n\r\n      သလဲသီးသည် မြေမရွေးစိုက်ပျိုးနိုင်သော အပင်မျိုးတွင် ပါ၀င်ပါသည်။ သလဲပင်ကို အစေ့မှလည်း စိုက်ပျိုးနိုင်သည်။ ကိုင်းဖြတ်စိုက်ခြင်း၊ မြေထုပ်စည်းခြင်းတို့ဖြင့် စိုက်ပျိုးနိုင်သည်။ ကိုင်းဖြတ်၍ စိုက်ပျိုးလိုပါက (၉) လက်မမှ (၁)ပေခန့် ဖြတ်ယူပြီး ကိုင်းတစ်ခုလုံးကို မြေတွင် မြုပ်၍ ပျိုးထောင် ရသည်။ ပျိုးဘောင်တွင် တစ်နှစ် ၊ နှစ်နှစ်ခန့် ထားပြီးနောက် စိုက်ခင်းသို့ ရွှေ့ပြောင်းစိုက်ပျိုးရသည်။\r\n\r\n      စိုက်ခင်းတွင် စိုက်ကျင်းများကို (၂)ပေပတ်လည် (၂)ပေအနက်တူးပြီး မြေဆွေး သုံးလေးတင်း ထည့်ပေးရသည်။ စိုက်ကျင်းများကို ဆယ်ပေခန့်ခွာ၍ တြိဂံပုံ စိုက်စနစ်အရ တူးဖော်စိုက်ပျိုးသင့်သည်။ နွေရာသီတွင် အပင်ငယ်များကို ရေမကြာမကြာ လောင်းပေးရသည်။ မိုးဦးကျတွင် တစ်ကြိမ်နှစ်ကြိမ် မြေဆွေးကောင်းကောင်း ဖလှယ်၍ ထည့်ပေးရသည်။\r\n\r\n     စိုက်ခင်းတွင် နှစ်နှစ် သုံးနှစ်ရှိသောအခါ အသီးစသီးရာ အပင်ခြေမှ နှစ်ပေခွဲခန့်အကွာတွင် ခြောက်လက်မမှ ရှစ်လက်မ အနက် မြောင်းဝိုင်းတူးဖော်ပြီး မြေဆွေးကောင်းကောင်း နှစ်စဉ် ဖလှယ်ပေးရမည် ဖြစ်သည်။ စိုက်ခင်းတွင် လေးနှစ်မပြည့်မီ ပွင့်သော အပွင့်များကို ဖယ်ရှားခြင်းဖြင့် နောင်အသီးများကို ကောင်းမွန်စေနိုင်သည်။\r\n\r\n     လေးနှစ်သားမှစ၍ အသီးကောင်းစွာ သီးသည်။ ဒီဇင်ဘာ၊ ဇန်နဝါရီတွင် တစ်ခါ ၊ စက်တင်ဘာလတွင် တစ်ခါ ၊ အသီးများဆွတ်ခူးနိုင်သည်။\r\n\r\n      စက်တင်ဘာ အသီးသည် ပိုမိုကောင်းပြီး ဈေးလည်းပိုကောင်းသည်။ မှည့်မှခူးသော အသီးကို ရက်သတ္တပတ် အနည်းငယ်သာ ထားနိုင်ပြီး မမှည့်မီ ခူးသော အသီးများကို ခြောက်သွေ့၍ အေးသော အခန်းတွင် ခြောက်လခန့် သိုလှောင်ထားနိုင်သည်။\r\n\r\nသလဲတွင်ကျရောက်တတ်သော ဖျက်ပိုးမျာ\r\n\r\n(၁) သလဲသီးလိပ်ပြာ\r\n\r\nပိုးတုံးလုံးတို့သည် အပွင့်မှ အသီးကို ဖျက်ဆီးသည်။\r\n\r\n(၂) ပင်စည်ဖောက်ပိုး\r\n\r\nအကိုင်းထိုးဖောက် ဝင်ရောက်ဖျက်ဆီးသည်။\r\n\r\nအသီးမှည့်များသည် ပုရွက်ဆိတ်များကျရောက်မှုကို အားပေးသည်။\r\n\r\nသလဲတွင် ကျရောက်တတ်သော ရောဂါမျာ\r\n\r\n(၁) သလဲအရွက်နှင့်သီးပြောက်ရောဂါ (မှိုရောဂါ)\r\n\r\n(၂) ရွက်ပြောက်ရောဂါ (ဘက်တီးရီးယား ရောဂါ)\r\n\r\nအရွက်ပေါ်တွင် အပြောက်များဖြစ်ပေါ်ပြီး ပြင်းထန်က အရွက်ကြွေကျတတ်သည်။\r\n\r\n(၃) အသီးပုပ်ရောဂါ (မှိုရောဂါ)\r\n\r\n     သလဲသီးကို Smoothie ဖျော်ရည်အနေဖြင့် အသုံးပြုကြပြီး ပေါင်မုန့်ဖုတ်ခြင်း၊ ချက်ပြုတ်ခြင်း၊ ဖျော်ရည်ရောစပ်ခြင်း၊ ယမကာဖျော်ရည်အနေဖြင့် ကော့တေး၊ ဝိုင်တို့တွင် အသုံးပြုကြသည်။ သလဲသီးအရည်သည် ကင်ဆာပြန့်နှံ့မှုကို တားဆီးနိုင်ကြောင်း တွေ့ရပါသည်။ \r\n\r\n     သလဲသီးသည် ကျန်းမာရေးဆိုင်ရာ အကျိုးကျေးဇူးများသော အသီးလည်းဖြစ်သည်။ သလဲသီး၏ ကျန်းမာရေးဆိုင်ရာကောင်းကျိုးများအကြောင်းကို အစိမ်းရောင်လမ်း၏ အာဟာရနှင့်ကျန်းမာရေးဆိုင်ရာကဏ္ဍတွင် ဝင်ရောက်ဖတ်ရှုနိုင်ပါသည်။', '2024-03-03 04:14:13'),
(9, 'မာဂျိုးရမ် စိုက်ပျိုးနည်း', 'မာဂျိုးရမ်_စိုက်ပျိုးနည်း', 1, 'အစိမ်းရောင်လမ်း ', 0, '4.jpg', 'ဟင်းခတ်အမွှေးအကြိုင်ပင်ကို ထောပတ်နှင့် ကြက်ဥဟင်းများတွင်ထည့်၍ သုံးကြသည်။ ထို့အပြင်', 'ဟင်းခတ်အမွှေးအကြိုင်ပင်ကို ထောပတ်နှင့် ကြက်ဥဟင်းများတွင်ထည့်၍ သုံးကြသည်။ ထို့အပြင် ဘိလပ်ဟင်းနုနွယ် (Spinarch)၊ ပဲသီးနှင့် အခြားဟင်းသီးဟင်းရွက်များတွင်လည်း အနံ့မွှေးအောင် သုံးစွဲကြသည်။ ကလျာဏီပင်မျိုးဆေး(ဂ်ျ) အစားဖြစ်စေ၊ တွဲ၍ဖြစ်စေ၊ ကြက်အစာသွပ်ခြင်းနှင့် ဝက်အူချောင်းလုပ်ခြင်းတို့တွင် သုံးစွဲကြသည်။\r\n\r\nအပင်များသည် နိမ့်နိမ့်နှင့် စုပြုံ၍ပေါက်ပြီး သေးငယ်သော အဖြူရောင်၊ ပန်းရောင်နှင့်အနီရောင်ရှိပန်းပွင့်များကို နွေရာသီအလယ်မှ နောက်ပိုင်းတွင် တွေ့ရသည်။ မာဂျိုးရမ်မျိုးများထဲမှ အနူးညံ့ဆုံးမျိုးကို နှစ်ချင်းစားသီးနှံအဖြစ် ဆောင်းရာသီအအေးပေါ့သောဒေသများတွင် စိုက်ပျိုးကြသည်။\r\n\r\nဟင်းခတ်အမွှေးအကြိုင်တစ်ခုဖြစ်ပြီးအသုံးများတဲ့ မာဂျိုးရမ်အပင်ကို တစ်နိုင်တစ်ပိုင်ပဲဖြစ်ဖြစ် စီးပွားဖြစ်ပဲဖြစ်ဖြစ်စိုက်လိုသူများအတွက် စိုက်ပျိုးနည်းကိုဖော်ပြပေးလိုက်ပါတယ်။\r\n\r\nစိုက်ပျိုးခြင်း\r\n\r\nအေးခဲမှုမရှိသောရာသီတွင် စိုက်ပျိုးရသည်။ နေရောင်ခြည်ကောင်းစွာရသောနေရာ၊ ရေထုတ်ရန် လွယ်ကူသောနေရာတို့တွင် စိုက်ပျိုးရသည်။ မစိုက်ပျိုးခြင်းာဂျိုးရမ်ပင်သည် နေရာမရွေးသောအပင်ဖြစ်သော်လည်း ဖွာသောမြေ၊ မြေဆီသြဇာ ထက်သန်သောမြေ၊ အနည်းငယ်ငန်သောမြေတို့တွင် ပိုမိုဖြစ်ထွန်းသည်။ အပင်အကွာအဝေးကို ၁၂လက်မထား၍ စိုက်ပျိုးရသည်။ အစေ့ကိုစိုက်ပျိုးလျှင် အပင်ဖြစ်ရန် နှေးကွေးသည်။ ထို့ကြောင့် အပင်ကိုခွဲ၍ဖြစ်စေ၊ ပင်စည်ဖြတ်၍ဖြစ်စေ စိုက်ပျိုးရသည်။\r\n\r\nမာဂျိုးရမ်အပင်ကို ချိတ်ဆွဲသောပန်းအိုးများတွင် စိုက်ပျိုးကြ၏။ တွဲလောင်းကျနေသောအကိုင်းမျာကို ဖြတ်တောက်ပေးခြင်းဖြင့် ချုံပုတ်သဖွယ်ဖြစ်လာသည်။ ပူသောရာသီတွင် နေ့လယ်နေရောင်မှ ကာကွယ်ပေးရသည်။ မာဂျိုးရမ်အပင်သည် အခြောက်မြန်သဖြင့် မြေဆီလွှာသည် အမြဲမပြတ် အစိုဓာတ်ရှိနေရန်လိုအပ်သည်။ သို့ရာတွင် ရေမဝပ်စေရချေ၊ အပင်သစ်ကလေးများဖြစ်ပေါ်နေစေရန် ၃-၄ နှစ်လျှင်တစ်ကြိမ် မြေကိုတူးဆွခြင်း၊ အပင်ခွဲခြင်း၊ ပြုလုပ်ပေးရသည်။ သို့မဟုတ်ပါက အပင်သည် သစ်သားကဲ့သို့ မာကျောလာသည်။ ကောက်ရိုးဖုံးအုပ်ပြီး ဆောင်းခိုခဲ့သောအပင်များသည်လည်း မာကျောနိုင်သဖြင့် မြေကိုတူးခြင်းနှင့် အပင်သားခွဲခြင်းတို့ကို နောက်ဆောင်းဦးပေါက်တွင် ဆောင်ရွက်ရသည်။\r\n\r\nရိတ်သိမ်းခြင်း\r\n\r\nရိတ်သိမ်းပြီးစအရွက်များကိုလှီးဖြတ်၍ အရွက်သုပ်တွင်ဖြစ်စေ၊ ချက်ပြုတ်သောဟင်းတွင်ဖြစ်စေ၊ စားခါနီးတွင်ထည့်ရသည်။ ရိုးတံများကို အခန်းတွင်အခြောက်ခံရန် စောက်ထိုး ချိတ်ဆွဲရသည်။ ထိုအခန်းသည် အေးရမည်။ မှောင်နေရမည်။ လေဝင်လေထွက်ကောင်းရမည်ဖြစ်သည်။ ရိုးတံများမှအရွက်များကိုခြောက်သွေ့သွားသောအခါ ခူးယူရသည်။ အရွက်များအမှုန့်ဖြစ်အောင်ချေပြီး လေလုံသောပုလင်းဘူးထဲထည့်၍ ပိတ်ပြီးသိုလှောင်ရသည်။ မာဂျိုးရမ် အခြောက်သည် အော်ရီဂန်နိုအခြောက်ထက် အနံ့ကိုပိုမိုထိန်းသိမ်းထားနိုင်သည်။\r\n\r\nဒေါက်တာချစ်၏ စားဖို့ စိုက်စို့ ဈေးကွက်တိုးချဲ့ဗျို့ စာအုပ်အတွဲ(၂) မှ ကောက်နုတ်ဖော်ပြပါသည်။', '2024-03-03 04:20:28'),
(10, 'ကမ္ဘာ့ပထမဆုံး ကောက်ရိတ်သိမ်းစက်..', 'ကမ္ဘာ့ပထမဆုံး_ကောက်ရိတ်သိမ်းစက်..', 2, 'ဇင်ဘိုလွင်', 0, '5.png', 'လူသားတွေရဲ့ စိုက်ပျိုးရေးစွမ်းပကားကို တစ်ဆင့်မြှင့်တင်ပေးလိုက်နိုင်တာတွေထဲက တစ်ခုဖြစ်တဲ့ ကမ္ဘာ့ပထမဆုံး', ' အသက် ၂၂ နှစ်အရွယ်သာရှိသေးတဲ့ ပန်းပဲသမားလေးတစ်ယောက်။\r\n\r\nတိတိကျကျပြောရရင်တော့ အမေရိကန်တောင်ပိုင်း၊ ဗာဂျီးနီးယားပြည်နယ်ထဲက ဆိုင်ရပ်စ်မက်ကော မစ်လို့ခေါ်တဲ့ကောင်လေးတစ်ယောက်ပါပဲ။ တီထွင်နိုင်ခဲ့ချိန်က ၁၈၃၁ ခုနှစ်ဆိုတော့ မြန်မာနိုင်ငံ တစ်နိုင်ငံလုံးတောင် ကိုလိုနီမဖြစ်သေးချိန်ပေါ့။\r\n\r\nသူ့ရဲ့တီထွင်မှုကို ပထမတော့ သူ့ဒေသမှာ အထူးအဆန်း အရူးအနှမ်းတစ်ခုလောက်ပဲ သဘောထားတာ။ ဒါပေမဲ့ နောက်တော့ ဒါဟာ ဧရာမအရေးပါတဲ့တီထွင်မှုဆိုတာ သူသက်သေပြနိုင်ခဲ့တယ်။\r\n\r\nအစောပိုင်းကာလ စမ်းသပ်မှုများ\r\n\r\nတကယ်တော့ ဒီစက်ကိုတီထွင်ဖို့ စကြိုးစားခဲ့သူက သူ့အဖေပါ။ ဒါပေမဲ့ မအောင်မြင်လို့ လက်လျှော့ ထားခဲ့တာ။ ဒါပေမဲ့ ၁၈၃၁ နွေရာသီမှာတော့ သားဖြစ်သူ မက်ကောမစ်က ဒီအလုပ်ကိုလက်လွှဲယူပြီး ပန်းပဲရုံထဲမှာ သီတင်းပတ် ၆ ပတ်လောက်ကြာတဲ့ထိ ဝါယမစိုက်ထုတ် ကြိုးပမ်းတီထွင်ပါတော့တယ်။\r\n\r\nခဲရာခဲဆစ်နဲ့တီထွင်ထားတဲ့စက်ကလေး စိတ်ချယုံကြည်ရတဲ့အနေအထားတစ်ခုရောက်လာချိန်မှာတော့ မက်ကောမစ်ဟာ သူ့စက်လေးကို ဒေသတွင်းစုဝေးပွဲလုပ်တဲ့နေရာတစ်ခုမှာ ပြသထားခဲ့ပါတယ်။ ကောက်ရိတ်စက်လေးဟာ လယ်သမားတစ်ယောက် လက်နဲ့ရိတ်သိမ်းတာထက် မြန်အောင် စွမ်းဆောင် နိုင်ဖို့တီထွင်ဖန်တီးထားတဲ့ အစိတ်အပိုင်းတွေနဲ့ပေါ့။\r\n\r\nစွပ်ဖားနဲ့တူတဲ့လှည်းလေးပေါ်မှာစက်ပစ္စည်းတွေတင်ထားတဲ့ ဒီပစ္စည်းလေးဟာ ပထမပိုင်းမှာတော့ ဒေသခံလယ်သမားတွေအတွက် ပဟေဠိပေါင်းစုံနဲ့ပဲ။ သူ့စက်မှာ ကောက်ပင်ဖြတ်ဓားတစ်ချောင်းနဲ့ အဲ့ဒီဓားနဲ့ ကောက်ပင်ရိုးတွေကိုဖြတ်ချိန်မှာ စုစည်းထိန်းထားပေးမယ့် ပတ်ချာလှည့် အစိတ်အပိုင်းတွေ ပါတယ်။ ဒီစက်ရဲ့ပထမဆုံးပွဲဦးထွက်ရိတ်သိမ်းမှုအဖြစ်တော့ ဂျုံခင်းတစ်ခုမှာ စမ်းသပ်ရိတ်ပြတာပါ။ မြင်းတစ်ကောင်က ရှေ့ကဆွဲ ရွေ့သွားချိန်မှာတော့ ဂျုံပင်တွေကိုရိတ်တဲ့ သူ့အလုပ်အားလုံးကို စက်က လုပ်ပါတော့တယ်။ မက်ကောမစ်တစ်ယောက်ကတော့ ဘေးကနေလိုက် ဂျုံရိုးတွေကို ကောက်စုပုံပေးလိုက်ရုံပါပဲ။ ပြီးပါပြီ။ မက်ကောမစ်ရဲ့တီထွင်မှု အောင်မြင်သွားပါပြီ။\r\n\r\nအဲ့ဒီနှစ်နှောင်းပိုင်းရိတ်သိမ်းရာသီမှာပဲ မက်ကောမစ်ရဲ့ကောက်ရိတ်စက် စတင်အသုံးပြုပါတော့တယ်။\r\n\r\nစီးပွားရေးပိုင်းအောင်မြင်မှု\r\n\r\nအောင်မြင်လူကြိုက်များသွားတော့ မက်ကောမစ် နောက်ထပ်စက်တွေအများကြီး ထပ်ထုတ်ရပါတော့တယ်။ အစပိုင်းကတော့ ဒေသခံလယ်သမားတွေကိုပဲ ရောင်းပေးတာပါ။ ဒါပေမဲ့ စက်ရဲ့ အံ့အားသင့်ဖွယ်စွမ်းဆောင်မှုသတင်း လေညင်းဆောင်ပျံ့နှံ့အပြီးမှာတော့ တခြားနေရာတွေထံပါ ရောင်းရပါတော့တယ်။ နောက်ဆုံး ချီကာဂိုမြို့မှာ စက်ရုံတည်ပြီး ထုတ်ရတော့တဲ့အထိပါပဲ။\r\n\r\nအခုအချိန်ရိတ်သိမ်းခြွေလှေ့စက်တွေနဲ့ယှဉ်မယ်ဆိုရင်တော့ မက်ကောမစ်ရဲ့တီထွင်မှုဟာ ဘာမှ မဟုတ်ပါဘူးလို့ ထင်ကောင်းထင်နိုင်ပါတယ်။ ဒါပေမဲ့ အဲ့ဒီကာလတုန်းကတော့ ဒါက စိုက်ပျိုးရေးနယ် ပယ်အတွက် တော်လှန်ပြောင်းလဲမှုကြီးတစ်ခုပါပဲ။ ဘာလို့လဲဆိုတော့ ဒီစက်နဲ့ ဧရိယာအများကြီးကို ရိတ်သိမ်းနိုင်ပြီး လူတွေရိတ်သိမ်းနိုင်စွမ်းထက် အများကြီးပိုနေတာကိုး။\r\n\r\nများများရိတ်သိမ်းနိုင်တော့ များများပိုစိုက်လို့ရသွားကော။ ဒီတော့ စားနပ်ရိက္ခာပြတ်လပ်မှု၊ ငတ်မွတ်ခေါင်းပါးမှု ဖြစ်နိုင်ချေတွေပါ လျော့ကျသွားစေတာပေါ့။\r\n\r\nမက်ကောမစ်ရဲ့စက် မရှိခင်တုန်းကဆို သီးနှံတွေ အချိန်မီရိတ်သိမ်းနိုင်ဖို့ မနည်းအားထုတ်ရတာ။ ကောက်ရိတ်ကျွမ်းကျင်လှပါတယ်ဆိုတဲ့ လယ်သမားတစ်ယောက်တောင် တစ်ရက်မှ နှစ်ဧကလောက်ပဲ ပြီးတာလေ။ မက်ကောမစ်ရဲ့စက်နဲ့ရိတ်ရင်ကျတော့ ဧကအများကြီးရိတ်ဖို့ မြင်းတစ်ကောင်နဲ့ လူတစ်ယောက်တည်းပဲ လိုတယ်။ ဆိုတော့ ဧကအများကြီး စိုက်လို့ရတယ်။ ရာချီစိုက်မလား၊ ထောင်ချီ စိုက်ချင်လား။ ရိတ်ဖို့ဆို လာထားပဲ။', '2024-03-03 04:25:37'),
(11, 'ရွေ့ပြောင်းတောင်ယာစနစ် ပပျောက်ဖို့မရှို့-မထွန်နည်းဖြင့် စိုက်ကြစို့', '', 2, 'အစိမ်းရောင်လမ်း ', 0, '6.jpg', 'တောင်ပေါ် တိုင်းရင်းသား ဒေသများတွင် ရွေ့ပြောင်းတောင်ယာ စနစ်ကို ကျင့်သုံး၍ သီးနှံများ(အထူးသဖြင့် တောင်ယာစပါး) ကို စိုက်ပျိုး ', 'တောင်ပေါ် တိုင်းရင်းသား ဒေသများတွင် ရွေ့ပြောင်းတောင်ယာ စနစ်ကို ကျင့်သုံး၍ သီးနှံများ(အထူးသဖြင့် တောင်ယာစပါး) ကို စိုက်ပျိုး လာခဲ့ကြသည်မှာ နှစ်ပေါင်းများစွာ ကြာခဲ့ပြီ ဖြစ်သည်။ ဆောင်းနှောင်း ကာလရောက်လျှင် သီးနှံစိုက်ပျိုးမည့် တောင်ယာ အကွက်ကို စတင် ခုတ်ကြတော့သည်။ တောင်စောင်းတွင် ပေါက်နေသည့် သစ်ပင်များ၊ ဝါးရုံပင်များနှင့် ခြုံနွယ်ပေါင်း များကို ခုတ်လှဲ ပစ်ကြပြီး တောင်ယာကွက် အသစ်ကို ဖေါ်ထုတ်ကြသည်။ နွေဦး ရောက်သည်နှင့် ခုတ်လှဲထားသည့် အပင်ခြောက် များကို မီးရှို့ ကြတော့သည်။ ထိုကာလတွင် ကောင်းကင်တစ်ခွင်လုံး၌ မီးခိုးများ၊ပြာများဖြင့် ဖုံးလွှမ်းလျက် ရှိပါသည်။ မိုးဦး ကျသည့် အခါ အဓိက တောင်ယာစပါးကို စူးထိုး၍ စိုက်ကြသည်။ အချို့ဒေသများတွင်မူ ကျွဲ၊နွားများ တို့ဖြင့် ထယ်ထိုးပြီး စိုက်ပျိုးကြသည်။ သီးနှံပင်များ ကြီးထွားလာချိန်တွင် ပေါင်းပင်များလည်း ပေါက်ရောက် ရှင်သန်ကြီးထွားး လာကြသည်။ တောင်ယာကွက်တွင် ပေါင်းရှင်း ပေးရမှုသည် အဓိက လုပ်ငန်းတစ်ခု ဖြစ်သည်။ ပေါင်းမရှင်းလျှင် သီးနှံ အထွက်လည်း များစွာ ကျဆင်း သွားတတ် သည်။\r\n\r\nပထမနှစ် စိုက်ပျိုးပြီးလျှင် ဒုတိယနှစ်ကို ဆက်ပြီး စိုက်တတ် ကြသည်။ သို့ရာတွင် ပေါင်းပြဿနာသည် ပထမနှစ်ထက် ပိုမို ကြီးထွား လာသည်။ သို့အတွက် ပေါင်းကို အဓိကထား နှိမ်နှင်း ကြရသည်။ အချို့ကလည်း တစ်နှစ် စိုက်ပြီးလျှင် နောက်တစ်နေရာသို့ ရွေ့ပြောင်းပြီး တောင်ယာခုတ် မီးရှို့ကြတော့သည်။ အတိတ်ကာလက ရွေ့ပြောင်း တောင်ယာစနစ် စိုက်ပျိုးရာတွင် အခင်းအဟောင်းကို (၁၀)နှစ်ကျော် အထိ လှပ်ထား၊ ပစ်ထားနိုင်ခဲ့ ကြသော်လည်း ယနေ့ အချိန်တွင် ငါးနှစ်ခန့်သာ လှပ်ထားနိုင်ခဲ့ ကြတော့သည်။ ရွေ့ပြောင်း တောင်ယာ အကွက်များ သည်လည်း ရွာနှင့် ပိုပိုပြီး ဝေးကွာ လာကြရ တော့သည်။ သီးနှံ အထွက်နှုန်းများလည်း တဖြည်းဖြည်း လျော့နည်းလာကြသည်။\r\n\r\n၂။  ရွေ့ပြောင်းတောင်ယာစနစ်၏ ဆိုးကျိုးများ\r\n\r\n(၁) နှစ်စဉ်နှစ်တိုင်း တောင်ယာခုတ်၍ မီးရှို့နေကြသဖြင့် သစ်တောများ ပြုန်းတီးလာရသည်။\r\n\r\n(၂) လေထုညစ်ညမ်းမှုများ ဖြစ်၍ကမ္ဘာကြီး ပူနွေးစေသည့် ဓါတ်ထုတ်လုပ်မှုများ ပိုမိုများပြားလာသည်။\r\n\r\n(၃) မြေဆီလွှတိုက်စားခံရမှုများ ပိုမိုများပြားလာသည်။\r\n\r\n(၄) မြေဆီသြဇာ အာဟာရဓါတ်များ ပိုမိုလျော့နည်းခမ်းခြောက်လာသည်။\r\n\r\n(၅) တောင်ကတုံးများ ပိုမိုများပြားလာသည်။\r\n\r\n(၆) တောင်ယာကွက်များသည် ရွာများနှင့်ပိုမို၍ ဝေးလာကြသည်။\r\n\r\n(၇) သီးနှံအထွက်များ များစွာလျော့နည်း ကျဆင်းလာသည်။\r\n\r\n(၈) စားနပ်ရိက္ခာ မလောက်ငမှုများ ပိုမိုလာရသည်။\r\n\r\n(၉) ဆင်းရဲမှု ပိုမိုများပြားကြာရှည် လာရတော့သည်။\r\n\r\n၃။  မရှို့-မထွန်စိုက်ပျိုးနည်းစနစ်\r\n\r\nစာရေးသူသည် Voice Weekly ဂျာနယ်တွင် ဆောင်းပါး နှစ်ပုဒ် ရေးသားခဲ့ဖူး ပါသည်။ ၂၀၁၁ နိုဝင်ဘာလ(၇ )  ရက်နေ့ ထုတ်တွင် “သဘာဝဝန်းကျင် မပျက်စိုက်ပျိုးရေး” ခေါင်းစဉ်ဖြင့် လည်းကောင်း၊ ၂၀၁၂ဖေဖေါ်ဝါရီလ ၂၇ရက်နေ့ ထုတ်တွင် “ဥတုရာသီ ဖေါက်ပြန်မှုကို လျော့နည်းစေသည့် စိုက်ပျိုးနည်းစနစ်” ခေါင်းစဉ်ဖြင့် လည်းကောင်း ရေးသားခဲ့ပါသည်။ အဓိက အကြောင်းအရာမှာ တောင်ယာများကို မီးမရှို့ပဲ ရွေ့ပြောင်းရန် မလိုသည့် စိုက်ပျိုးရေး နည်းစနစ်ကို ဖေါ်ပြထားခြင်း ဖြစ်ပါသည်။ ဤနည်းစနစ်မှာ၊-\r\n\r\n(က) တောင်ယာကွက်ကို ခုတ်ပြီးလျှင်သော် လည်းကောင်း၊ သီးနှံပင် အဟောင်းများကို ခုတ်ရှင်း ပြီးလျှင်သော် လည်းကောင်း၊ မီးမရှို့ပဲ မြေပြင်ပေါ် အနှံ့ ဖုံးအုပ်ပေးခြင်း\r\n\r\n(ခ) မြေကြီးကို ထယ်ထိုး ထွန်မွှေခြင်းများ မပြုလုပ်ပဲ စိုက်မည့်နေရာတွင်သာ စိုက်ကြောင်းဖေါ်၍ စိုက်ပျိုးခြင်း၊ စူးထိုး၍ စိုက်ပျိုးခြင်း\r\n\r\n(ဂ) သီးနှံ တစ်မျိုးတည်း မစိုက်ပျိုးပဲ၊ သီးညှပ် စိုက်ပျိုးခြင်း၊ သီးနှံစုံ ရောနှော စိုက်ပျိုးခြင်း၊ သီးနှံအလှည့်ကျ စိုက်ပျိုးခြင်း၊ စသည်တို့ ဖြစ်သည်။\r\n\r\n၄။ မရှို့-မထွန်စိုက်ပျိုးနည်း စနစ်နှင့် Welthungerhlife အဖွဲ့အစည်း\r\n\r\nဤနည်းစနစ်ကို ဂျာမနီနိုင်ငံ အခြေစိုက် Welthungerhlife (WHH) အဖွဲ့သည် ၂၀၁၁ခုနစ်တွင် စတင် ကျင့်သုံးခဲ့သည်။ ရှမ်းပြည် မြောက်ပိုင်းရှိ စီမံကိန်း ကျေးရွာ တစ်ရွာဖြစ်သည့် လားရှိုးမြို့နယ်၊ ခေးနင်းအုပ်စု စံဖြတ်ကျေးရွာမှ ပလောင်လူမျိုး ဦးအိုက်ဆော ၏ ပြောင်းဖူးစိုက်သည့် တောင်ယာကွက်တွင် ဤနည်းစနစ်ကို ကျင့်သုံးခဲ့သည်။ ၂၀၁၀ခုနစ်တွင် စိုက်ပျိုးခဲ့သည့် ပြောင်းခင်းမှ ပြောင်းဖူးပင် အခြောက်များနှင့် ပေါင်းမြက်များကို ခုတ်ထွင် ရှင်းလင်းပြီး မီးရှို့မပစ်ပဲ မြေပေါ်တွင် ဖြန့်ကြဲ၍ ဖုံးအုပ် ပေးထားခဲ့ သည်။ ၂၀၁၁ခုနစ် ပြောင်းဖူး စိုက်ချိန်တွင် မြေကြီးကို ထယ်ထိုး ထယ်မွေမှုများ မပြုလုပ်ခဲ့ပဲ ပြောင်းဖူး စိုက်မည့် နေရာတွင်သာ စိုက်ကြောင်းဖေါ်၍ မျိုးစေ့ချပြီး စိုက်ပျိုးခဲ့သည်။ ပြောင်းဖူးပင်များကြားထဲတွင် ပဲယင်းကို သီးညှပ်အဖြစ် စိုက်ပျိုးပေးခဲ့သည်။ ပြောင်းဖူးရော ပဲယင်းပါ ဖြစ်ထွန်းမှု ကောင်းမွန်ခဲ့ပြီး အထွက်လည်း ကောင်းခဲ့ပါသည်။ ထိုစိုက်ခင်းသို့ Welthungerhlife စီမံကိန်း၏ ကျေးရွာမှ တောင်သူပေါင်း (၈၀၀)ကျော်ကို လည်း လေ့လာရေး ခေါ်ယူ ပြသခဲ့ ပေးခဲ့သဖြင့် ယခု ၂၀၁၂ခုနှစ် စိုက်ပျိုး ရာသီတွင် ဤ မီးမရှို့-မထွန်နည်းကို တောင်သူများ စမ်းသပ် ကျင့်သုံးခဲ့ရာ စီမံကိန်းကျေးရွာ၂၆ရွာတွင် စိုက်ကွက်ပေါင်း (၁၇၀) ကျော် ပေါ်ထွက် လာခဲ့ပါသည်။\r\n\r\n၅။  မရှို့-မထွန်စိုက်ပျိုးနည်းစနစ်နှင့် နှစ်ရှည်ပင်စိုက်ပျိုးရေး\r\n\r\nစာရေးသူ၏ Voice Weekly ဂျာနယ်တွင် ဖေါ်ပြခဲ့သော ဆောင်းပါးနှစ်စောင်ကို ဖတ်ရှုပြီးနောက် မရှို့-မထွန် စိုက်ပျိုးရေး စနစ် အပေါ် စိတ်ဝင်စားသူများ ရှိလာကာ စာရေးသူ ထံသို့ ဖုန်းဖြင့် ဆက်သွယ်၍ မေးမြန်းမှုများ အများအပြား ပြုလုပ်ခဲ့ကြပါသည်။\r\n\r\nထိုအထဲတွင် တနင်္သာရီတိုင်း၊ ရေဖြူမြို့နယ် ကံပေါက်ကျေးရွာတွင် ဖွံ့ဖြိုးရေးလုပ်ငန်းများ လုပ်ကိုင်နေသည့် တိုတယ်ရေနံ ကုမ္ပဏီမှစိုက်ပျိုးရေး တာဝန်ခံဦးရန်လင်းနှင့် တနသာင်္ရီ သဘာဝကြိုးဝိုင်း စီမံကိန်း ညွန်ကြားရေးမှူး ဦးတင့်ဆွေတို့လည်း ပါဝင်ခဲ့သည်။ ထိုပုဂ္ဂိုလ်များ၏ အစီအစဉ်ဖြင့် စာရေးသူသည် ကံပေါက် ကျေးရွာများသို့ ၂၀၁၂ခုနစ်ဧပြီလ ဒုတိယအပတ်အတွင်း သွားရောက်ခဲ့ပြီး တောင်သူပညာပေး ဟောပြောပွဲများ နှင့် လက်တွေ့ကွင်းဆင်း ရှင်းလင်း ပွဲများ ပြုလုပ်ပေးခဲ့ပါသည်။\r\n\r\nထိုအချိန်က တောင်သူများ အဓိက သိလိုခဲ့ကြသည်မှာ သူတို့၏ ရော်ဘာ၊ သီဟိုရ်နှင့် ကွမ်းသီးခြံ စိုက်ခင်းများတွင် မရှို့-မထွန် နည်းစနစ်ကို မည်ကဲ့သို့ ကျင့်သုံးနိုင်သည်ကို သိလိုခဲ့ကြခြင်း ဖြစ်ပါသည်။ ဤနှစ်ရှည်ပင်များ စိုက်ပျိုးရာတွင် ပထမဦးစွာ တောခုတ်၍ အပင်များ ခြောက်သွေ့သွားသော အခါ အပင်ခြောက်များကို မီးရှို့ခြင်း၊ ရှင်းလင်းခြင်းများ ပြုလုပ်ကြသည်။ ထို့နောက် စိုက်ကျင်းပန္နက်များ သတ်မှတ်ကြပြီး ရော်ဘာပင်၊ သီဟိုရ်ပင်၊ ကွမ်းသီးပင် စသည်တို့ကို စိုက်ပျိုးကြကာ ကြားထဲမှ မြေကွက်လပ်ကို ထယ်ထိုး-ထွန်မွှေ လုပ်ပေးကြသည်။\r\n\r\nဤနှစ်ရှည်ပင်များကို မရှို့-မထွန်နည်းဖြင့် စိုက်ပျိုး မည်ဆိုပါက ပထမဦးစွာ တောခုတ် ထားသည့် အပင်ခြောက်များကို မီးမရှို့ပစ်ပဲ မြေပြင် အနှံ့ ဖုံးအုပ်ထား ပေးရပါသည်။ ကြီးမားသော အကိုင်းအခက် ပင်စည် များကိုမူ စိုက်ခင်း အပြင်ဘက်သို့ ဆွဲထုတ် ထားရပါသည်။ စိုက်မည့် နှစ်ရှည်ပင် အမျိုးအစား ပေါ်မူတည်၍ ပန္နက်ငုတ်များ စိုက်ပေးပြီး စိုက်ကျင်းကို စနစ်တကျ တူးဖေါ်ကာ နှစ်ရှည်ပျိုးပင်ကို စိုက်ပျိုးပေးရပါမည်။ ကြားကွက်လပ်ရှိ မြေကြီးကို ထယ်ထိုး-ထယ်မွှေခြင်း ပြုလုပ်ပေးရန် မလိုပါ။ ပေါင်းပေါက်ရောက်မှုကို ကာကွယ်ရန် ပဲယင်းကဲ့သို့သော ပဲတစ်မျိုးမျိုးကို ကြဲပက်ပေးထားပါက မြေဖုံးသီးနှှံလည်း ဖြစ်သွားမည့် အပြင် မြေကြီးထဲသို့လည်း နိုက်ထရိုဂျင်နှင့် သစ်ဆွေးဓါတ်ကို ပြန်လည် ဖြည့်ဆည်းပေး နိုင်မည် ဖြစ်ပါသည်။ ဤနည်းစနစ် အတိုင်း ရေဖြူမြို့နယ် (ပယတောင်)ရွာမှ ဦးလွန်းဟန်သည် သူ၏ ကွမ်းသီးခြံကို စိုက်ပျိုးထားသည်ဟု သိရှိရပါသည်။', '2024-03-03 04:29:04'),
(12, 'ပဉ္စလက် ဉယျာဉ်လေးများ လုပ်ရအောင်', 'ပဉ္စလက်_ဉယျာဉ်လေးများ_လုပ်ရအောင်', 2, ' May Phyo Wai', 0, '7.jpg', 'မိမိတို့ ခြံတွင်း၌ ပဉ္စလက် ဉယျဉ်လေးများ ပြုလုပ်ထားခြင်းဖြင့် အိမ်တွင်းရှိ အစားသောက် အကြွင်းအကျန် များနှင့် ခြံတွင်းရှိ ', 'အမှိုက်သရိုက်များကို စနစ်တကျ စွန့်ပစ်ရာရောက်သည့်အပြင် သီးနှံပင်များအတွက် အကောင်းဆုံး အဟာရများကိုရရှိစေမှာ ဖြစ်ပါတယ်။ ဘယ်လိုလုပ်ရမယ်ဆိုတာကြည့်ရအောင်နော်\r\n\r\nလိုအပ်သောပစ္စည်းများ\r\n\r\n၁။      ကျောက်တုံးကြီး (သို့) အုပ်ခဲ (သို့) သစ်လုံးများ\r\n\r\n၂။       ကောက်ရိုး/ သစ်ကိုင်းခြောက်များ\r\n\r\n၃။      လျော်ကြိုး\r\n\r\n၄။      ၅ ပေခန့်ရှည်သော ကြိမ် ချောင်း (သို့) အမျိုးတူ\r\n\r\n၅။      ပန်းအိုးကွဲ (သို့) စည်သွတ်ဗူးများ\r\n\r\n၆။      ဝါယာကြိုးရှည်\r\n\r\n၇။      ရေစီးကောင်းသော မြေနှင့် မြေဆွေးများ နွားချေးကြက်ချေးစသည်\r\n\r\nဆောင်ရွက်ပုံအဆင့်ဆင့်\r\n\r\nမိမိခြံတွင်းမှာနေရောင်ခြည်ကောင်းစွာရရှိသော၊ ရေရနိုင်သောနေရာများကိုရွေးချယ်ပါ။ စာဖတ်ခန်း၊ မီးဖိုခန်းတို့နှင့်နီးနိုင်သမျှနီးစေရန်ရွေးချယ်ပါ။\r\n\r\nအဆင့် (၁)    ၃ မီတာပါတ်လည်အကျယ်လောက်ရှိသောမြေကိုတူးဆွပါ။ တုတ်ချောင်းတစ်ချောင်းကို ၁.၂ မီတာခန့်ရှိသော လျော်ကြိုး၏ တစ်ဖက်တစ်ချက်စီတွင်ချည်နှောင်ပါ။ တစ်ဖက်ကိုအလယ်ဗဟိုနေရာတွင် စိုက် ထားပါ။ အခြားတစ်ဖက်ဖြင့် စက်ဝိုင်းပုံဆွဲပါ။ ဝင်ပေါက်ပြုလုပ်ရန်အတွက် တြိဂံ ပုံဆွဲပါ။ စက်ဝိုင်းမှ အလယ်ဗ ဟိုထိဖြစ်သည်။ (၆၀ စင်တီမီတာခန့်အကျယ်ရှိပါစေ)\r\n\r\nအဆင့် (၂)     ကြိမ်များကို ၅-၁၀ စင်တီမီတာစီခြား၍ စီထားပါ။ အဆိုပါကြိမ်ချောင်းများအား တစ်ခုနှင့် တစ်ခုတွဲ၍ ချည်နှောင်ပေးပါ။ အားလုံး တစ်တန်းတည်းဖြစ်သွားသည်အထိချည်နှောင်ပါ။  အပေါ်ပိုင်းတွင် တစ်ကြိမ် အောက်ပိုင်းတွင် တစ်ကြိမ် ( ၂) ကြိမ်ချည်နှောင်ပါ။ စုစုပေါင်းအရှည်သည် ၁၃၀ စင်တီမီတာ ခန့် ဖြစ်သင့်ပါသည်။ ထို့နောက် ထို ထုလုံးရှည်ပုံဖြစ်နေသော ကြိမ်စည်းကိုမြေကြီးတွင်းသို့ စိုက်သွင်းပါ။ ရောနှော ထားသောမြေကြီးကို တစ်ဝက်ခန့်ထည့်ပါ။\r\n\r\nအဆင့် (၃)    ကျောက်တုံးများ၊ အုတ်၊ သစ်လုံးများ ကိုစက်ဝိုင်းပုံအတိုင်းစီပါ တစ်လွှာ သို့မဟုတ် ထိုထက် ပို၍ ပြုလုပ်နိုင်ပါတယ်။ ဖြည့်တင်းဖို့ရာ မြေကြီးလုံလုံလောက်လောက်ရှိရမှာဖြစ်ပါတယ်။ ဝင်ပေါက်ပြုလုပ်ထားတဲ့ နေရာမှာတာ့ကျောက်တုံးကို မြင့်မြင့်ကာပေးရမှာဖြစ်ပါတယ်။ ပထမအလွှာကို ပန်းအိုးကွဲစများ စည်သွတ် ဗူး များ စသည်တို့နဲ့ပြုလုပ်ရမှာဖြစ်ပါတယ်ရေစီး ရေလာကောင်းဖို့အတွက်ဖြစ်ပါတယ်။\r\n\r\nအဆင့် (၄)    အဲဒီနောက် ရောထားတဲ့မြေကြီးတွေကိုဖြည့်ပေးရမှာပါ။ အကောင်းဆုံးမြေကြီးကို အပေါ်ဆုံးမှာ ထားရပါမယ်။ အပုံလိုက်လေးဖြစ်လာတဲ့ထိ မြေကြီးကိုဖြည့်ပေးရမှာ ဖြစ်ပါတယ်။\r\n\r\nအဆင့် (၅)    မြေကြီးအသားသေစေရန် မစိုက်ပျိုးမီ ၁ ပါတ်ခန့်ထားပေးရမှာဖြစ်ပါတယ်။ ထို့နောက်စိုက်ပျိုး ပီးပါကအမြစ်များထွက်လာသည်ထိရေလောင်းပါ။  ကြိမ်ချောင်းများဖြင့်ပြုလုပ်ထားသော ထုလုံးရှည်ခြင်းလေး ထဲကိုစွန့်ပစ်ပစ္စည်းတွေထည့်ပါ။ ရေလောင်းပါ။ ဆွေးမြေ့ပြီးသောပစွည်းများ ။ တစ်ဝက်တပျက်ဆွေးမြေ့သော ပစ္စည်းများထည့်ပါ။ အစာ အကြွင်းကျန်များကိုထည့်ပေးနိုင်ပါတယ်။ ခြင်းလေးအပေါ်မှာ ဖုံးအုပ်ထား ပေးမယ်ဆိုရင်တော့ ဆွေးမြေမှုကိုမြန်စေမှာဖြစ်ပါတယ်။ အပင်လေးများအတွက် အဟာရဓါတ်များကို ရရှိစေ နိုင်မှာဖြစ်ပါတယ်။', '2024-03-03 04:33:50'),
(13, 'စိတ်ကူးထဲက အိမ်တွင်း ဥယျာဉ်လေးတစ်ခုကို လက်တွေ့ဖန်တီးကြမယ်', 'စိတ်ကူးထဲက_အိမ်တွင်းဥယျာဉ်လေးတစ်ခုကိုလက်တွေ့ဖန်တီးကြမယ်', 2, 'ayethandasoe', 0, '9.jpg', 'ပထမဦးစွာ ဥယျာဉ်ခြံစိုက်ပျိုးခြင်းကို အဓိပ္ပါယ်ဖွင့်ရလျှင် ဉယျာဉ်ခြံစိုက်ပျိုးခြင်းဟာနည်းလမ်းပေါင်းစုံ', 'ပထမဦးစွာ ဥယျာဉ်ခြံစိုက်ပျိုးခြင်းကို အဓိပ္ပါယ်ဖွင့်ရလျှင် ဉယျာဉ်ခြံစိုက်ပျိုးခြင်းဟာနည်းလမ်းပေါင်းစုံနဲ့ နေရာအမျိုး မျိုးမှာ အပင်စိုက်ခြင်းဖြစ်စဉ်တစ်ခု ဖြစ်ပါသည်။ အပင်၏ကြီးထွားမှု ပုံစံအမျိုးမျိုးပေါ် မူတည်ပြီး စိုက်ပျိုးစနစ်အမျိုးမျိုး ရှိလာပါသည်။ အဓိက စိုက်ပျိုးပုံစံများမှာ (၁)အိမ်တွင်း ဥယျာဉ်ခြံ (Home gardens) ၊ (၂) ကျောင်း ဥယျာဉ်ခြံ ( School gardens)၊ (၃) စီးပွားဖြစ် စိုက်ပျိုးသော ဥယျာဉ်ခြံ ( Industrial Gardens)၊ (၄) အမျိုးသားပန်းခြံ (National Parks)၊ (၅) ပရဆေးစိုက်ခင်း(Arboretum)၊ (၆) ကျေးလက်ပန်းခြံ (Urban Parks) စသဖြင့် ရှိကြပါသည်။\r\nအခုခေတ်အခါတွင် အိမ်တွင်းစိုက်ပျိုးခြင်း မှ အခန်းတွင်းစိုက်ပျိုးခြင်းကို လူအများ ပိုမိုစိတ်ဝင်စား စိုက်ပျိုးလာကြပါ သည်။\r\n\r\nမိမိအိမ်တွင်းစိုက်ပျိုးမည့်နေရာရွေးချယ်ခြင်း\r\n\r\nအခန်းတွင်း စိုက်ပျိုးရာတွင် များသောအားဖြင့် ဘူး၊ အိုး၊ ကွန်ကရစ်အိုးများ၊ ကွန်တိန်နာ တို့ကို အသုံးပြု စိုက်ပျိုးနိုင်ပါ သည်။ ယခုအခါ အလှစိုက်အပင်များ၊ ဟင်းသီးဟင်းရွက်များ ၊ ဆေးဘက်ဝင်အပင်များ အသုံးပြုပြီး အိမ်တွင်း အလှဆင် ရန်အတွက် အခန်းတွင်းစိုက်ပျိုးနည်းကို ပိုမိုစိတ်ဝင်စား လူကြိုက်များလာသည်။ အချို့လူများသည် စွန့်ပစ် ပလပ်စတစ် ဘူးများ (သို့) ထိပ်ဝကျဉ်းသော ဘူးကြီးများအသုံးပြု၍ အိမ်တွင်းအပင်များကို စိုက်ပျိုး ကြပါသည်။ ထိုကဲ့သို့ စိုက်ပျိုး သော စိုက်ပျိုးနည်းစနစ်ကို “Terrarium ’’ ဟုခေါ်ကြသည်။\r\n\r\nအခန်းတွင်း စိုက်ပျိုးနည်းစနစ်တွင် အရိပ်ကြိုက်အပင်များကို ဦးစားပေးစိုက်ပျိုးကြသည်။ စိုက်ပျိုးရန် ရွေးချယ်ထားသော အပင်များမှာ နေရောင်ခြည်အနည်းငယ်သာ လိုအပ်သောအပင်များဖြစ်ပါသည်။ အခန်းတွင်းစိုက်ပျိုးခြင်းတွင် အပင် စိုက် ပျိုးထားပြီးသော အိုး (သို့ ) ပုံးများကို မြေပြင်၏အမြင့် ကွန်ကရစ်ခုံများ( သို့ ) သစ်သားစင်များတွင် ထားရှိ စိုက်ပျိုး ကြပါသည်။\r\n\r\nဟင်းသီးဟင်းရွက်အပင် အားလုံးနီးပါးကို အခန်းတွင်း စိုက်ပျိုးနည်းဖြင့် အောင်မြင်စွာစိုက်ပျိုးနိုင်ပါသည်။ အခန်းတွင်း စိုက်ပျိုးရာတွင် အိပ်ခန်း ၊ ပြတင်းပေါက်ဝရန်တာများ ၊ အိမ်ရှေ့ဆင်ခွင်အောက်ဝရံတာ ၊ အိမ်ရှေ့မျက်နှာစာ ၊ မီးဖိုချောင် ၊ လှေခါးထစ်ကဲ့သို့ ပြုလုပ်ထားသောထိုင်ခုံများ နှင့် အမိုး စသည့်နေရာများသည် အခန်းတွင်းစိုက်ပျိုးရန်အတွက် အကောင်းဆုံး နေရာများဖြစ်ပါသည်။ မိမိအိမ်အတွင်း စိုက်ပျိုးရန် အကောင်းဆုံးဖြစ်မည့် နေရာကို ရွေးချယ်ရမည် ဖြစ်ပါ သည်။\r\n\r\nအခန်းတွင်းစိုက်ပျိုးခြင်း၏ အားသာချက်များ-\r\n\r\n၁။ အခန်းအတွင်းစိုက်ပျိုးခြင်း ကို အလွယ်တကူ ပြုလုပ်နိုင်သလို မိမိအိမ်အတွင်း မိမိကြိုက်နှစ်သက်သော နေရာတွင် လွယ်ကူစွာ စီမံခန့်ခွဲနိုင်ပြီး အပြင်ဘက်စိုက်ပျိုးခြင်းများကဲ့သို့ နေရာအများကြီးလည်း မလို အပ်ပါ။\r\n\r\n ၂။ အခန်းတွင်းစိုက်ပျိုးခြင်းဟာ စိုက်ပျိုးရေးကို စတင်လေ့လာသူအတွက် အကောင်းဆုံးပါ။\r\n\r\n ၃။ စိုက်ပျိုးမြေ ပြင်ဆင်ရတာ လွန်စွာ လွယ်ကူပါသည်။\r\n\r\n ၄။ ဟင်းသီးဟင်းရွက်နှင့် ပန်းများအား တစ်နှစ်ပတ်လုံး စိုက်ပျိုးရရှိနိုင်ပါသည်။\r\n\r\n၅။ ပိုးရောဂါကျရောက်မှုမှာလည်း ပြင်ပစိုက်ခင်းအတွင်း စိုက်ပျိုးခြင်းထက် ကျရောက်မှု နည်းပါသည်။\r\n\r\n ၆။ အိမ်ထောင်ရှင်မများနှင့် ကလေးငယ်များလည်း စိုက်ပျိုးထိန်းသိမ်းနိုင်ပါသည်။\r\n\r\n၇။ အခန်းတွင်းစိုက်ပျိုးခြင်းသည် အိမ်ကို လှပစေရုံသာမက လတ်ဆတ်သော အော်ဂန်းနစ် ဟင်းသီးဟင်း ရွက်များ၊ ဆေးဖက်ဝင်အပင်များ ၊ ပန်းများကို ထုတ်လုပ်နိုင်ပါသည်။ လစဉ် အိမ်အတွက် ဟင်းသီး ဟင်းရွက်နှင့် ပတ်သက်သည့် ကုန်ကျစရိတ်များလျော့ချစေပါသည်။\r\n\r\n၈။ အခန်းတွင်း စိုက်ပျိုးခြင်းသည် စိတ်ပင်ပန်းမှုကိုလည်း လျော့ချပေးသည့် အကောင်းဆုံး အထောက် အပံ့ လည်းဖြစ်သည်။\r\n\r\n၉။ ကျန်းမာရေးချို့တဲ့သူများမှ စိုက်ပျိုးရေးကို စိတ်ပါဝင်စားသူများအနေဖြင့် မိမိအိမ်တွင် အခန်းတွင်း စိုက်ပျိုးနိုင်ပါသည်။\r\n\r\n၁၀။ စိုက်ပျိုးသည့်အပင်၏ သဘာဝနှင့် လိုအပ်ချက် (အပူချိန် နှင့်ပတ်ဝန်းကျင် အခြေအနေ ) စသဖြင့် အပင်ကြီးထွားရန်အတွက် လိုအပ်သည့်အခြေအနေအား အခန်းအတွင်း အပင်စိုက်ပျိုးပြီးချိန်တွင် ပြောင်း လဲပေးနိုင်သည်။ (ဥပမာ - အချို့အပင်များအနေဖြင့် အလင်းအများကြီးလိုအပ်သည်။ အချို့မှာ တဝက်တစ်ပျက်အရိပ် လိုအပ်သည်။ အပင်လိုအပ်သော အခြေအနေပေါ်မူတည်ပြီး စိုက်ပျိုးထားသည့် အိုးများအားနေရာ အရွေ့အပြောင်းပြုလုပ်နိုင် သည်။\r\n\r\n၁၁။ အခန်းတွင်းစိုက်ပျိုးခြင်းသည် မြေကြီးအနည်းငယ်ဖြင့် စိုက်ပျိုးရသော စိုက်ပျိုးရေးလည်း ဖြစ်သည်။\r\n\r\n၁၂။ အကောင်းဆုံးသော အကျိုးရလာဒ်အဖြစ် အချို့အပင်များ အခန်းအတွင်းစိုက်ပျိုးခြင်းသည် လေထုကို သန့်စင်ပေးသည်။\r\n\r\n၁၃။ ကွန်ဒိုတိုက်ခန်းများတွင်နေထိုင်ပြီး စိုက်ပျိုးမြေပိုင်ဆိုင်မှု မရှိသောသူများအနေဖြင့် အခန်း အတွင်း စိုက်ပျိုးခြင်းသည် လွန်စွာအသုံးဝင်ပြီး အထောက်အပံ့ဖြစ်စေသည်။\r\n\r\n၁၄။ အခန်းအတွင်း စိုက်ပျိုးခြင်းဖြင့် အစိမ်းရောင်အပင်များအားလုံး ရှင်သန်ရန်အတွက် အထောက်အပံ့ လည်းဖြစ်စေပါသည်။\r\n\r\nအခန်းတွင်းစိုက်ပျိုးခြင်း၏ အားနည်းချက်များ-\r\n\r\n၁။ သစ်ပင်ကြီးများ စိုက်ပျိုးရန် မဖြစ်နိုင်ပါ။\r\n\r\n၂။ ဓါတုဓါတ်မြေသြဇာ သုံးစွဲမည်ဆိုပါက အိုးအတွင်း စုကျန်နေမည်ဖြစ်ပြီး စိုက်ပျိုးထားသော အပင် အတွက် ဆိုးကျိုးကို ဖြစ်စေပါသည်။\r\n\r\n၃။ အပင်အတွက်လိုအပ်သော မြေကြီး၏အစိုဓါတ် ပုံမှန်ဖြစ်နေရန် ခက်ခဲသည်။\r\n\r\nအခန်းအတွင်းစိုက်ပျိုးရန်အတွက်လိုအပ်ချက်\r\n\r\n၁။ မြေဖြည့်ထားသောအိုး\r\n\r\n၂။ မြေဆွေး သို့ ဓါတ်မြေသြဇာ\r\n\r\n၃။ အပင်/ မျိုးစေ့\r\n\r\n၄။ အိုး / ကြန္တိန္နာ\r\n\r\n၅။ ရေလှောင်ရန်ပုံး\r\n\r\n၆။ မြေကြီးစိုထိုင်းဆတိုင်းကိရိယာ\r\n\r\n၇။ တမာဆီ ( ပိုးကာကွယ်ရန်)\r\n\r\n၈။ လက်ကိုင်စိုက်ပျိုးရေးသုံးကိရိယာများ ကိုင်းဖြတ်ကတ်ကြေး/ ထွန်ခြစ်/မြေဆွခရင်း/ ပေါက်ပြား\r\n\r\nအခန်းအတွင်းစိုက်ပျိုးခြင်းအတွက် မရှိမဖြစ်လိုအပ်ခြင်းမဟုတ်သော်လည်း အောက်ပါလိုအပ်ချက်များ ရှိရင်တော့ ပိုကောင်းပါသည်။ hydroponic system ဖြင့် အခန်းအတွင်းစိုက်ပျိုးမည်ဆိုပါ က မရှိမဖြစ်လိုအပ်ပါသည်။\r\n\r\n၁။ အပင်ကြီးထွားစေသည့်အလင်းရောင်\r\n\r\n၂။ အစက်ချရေပေးစနစ်\r\n\r\n၃။ ေလစုတ္ပန္ကာ\r\n\r\n၄။ အပူပေးကိရိယာ\r\n\r\n၅။ မြေဆီအဟာရစမ်းသပ်သေတ္တာ\r\n\r\n၆။ ဂွမ်း\r\n\r\nအိမ်၏လွတ်သောနေရာတွင်စိုက်ပျိုးခြင်း (Open area of House)\r\n\r\nအဓိကအားဖြင့် အိမ်ရှေ့ လှေခါးထစ်ကဲ့သို့ ပြုလုပ်ထားသော ထိုင်ခုံများ နှင့် အမိုး ကဲ့သို့နေရာများကို ဆိုလိုသည်။ နွေ အခါတွင် အလွန်ပူသောနေရာများဖြစ်သည်။ အပူဒဏ်ခံနိုင် သောအပင်များ၊ ဟင်းသီးဟင်းရွက်အပင်များ၊ အသီးသီးပြီး သက်တမ်းတိုသောအပင်များ စသဖြင့် နေရောင် နှင့် လေ အပြည့်အဝ ရရှိရန် ဘောင်အမြင့်များ ပြုလုပ်ခြင်း(သို့) သင့်တော် သော ဘူး/အိုးများ အသုံးပြုပြီး သင့်တော်သောရေပေးစနစ်ဖြင့် စိုက်ပျိုးနိုင်ပါသည်။\r\n\r\nအိမ်ရှေ့တွင် စိုက်ပျိုးခြင်း( In front of the house )\r\n\r\nအရိပ်ကျသောအခြေအနေတွင် ကြီးထွားနိုင်သည့် အပင်များကို ရွေးချယ်စိုက်ပျိုးရပါမည်။ \r\n\r\nအိပ်ခန်း နှင့် ဧည့်ခန်းများတွင် စိုက်ပျိုးခြင်း\r\n\r\nပြတင်းပေါက်များဘေးတွင် စိုက်ပျိုးခြင်း - လေဝင်လေထွက်ကောင်းပြီး အလင်းရောင်များများ လိုအပ်သောအပင်များ ရွေးချယ်စိုက်ပျိုးရပါမည်။\r\n\r\nဝရံတာများတွင် စိုက်ပျိုးခြင်း\r\n\r\nအကောင်းဆုံးနေရာများဖြစ်ပြီး နေရောင်နဲ့လေအပြည့်အဝ ရရှိသောကြောင့် နေရောင်အပြည့်အဝ လိုအပ်သောအပင်များ စိုက်ပျိုးနိုင်ပါသည်။\r\n\r\nအပင်များ ပြုစုထိန်းသိမ်းခြင်း\r\n\r\nစိုက်ပျိုးအပင်များ အပင်ကြီးထွားခြင်း နှင့် အမြစ်ကြီးထွားမှုပေါ်မူတည်ပြီး စိုက်ပျိုးထားသည့် အိုးများရှိမြေများ လဲလှယ် ပေးရန်လိုအပ်ပါသည်။ အိုးပြောင်းပေးခြင်းသည် အခန်းတွင်း စိုက်ပျိုးခြင်းတွင် အရေးပါသည်။ ပထမအိုးထဲမှ ပြောင်း ထဲ့မည့်အိုးထဲသို့ အပင်အား ပြောင်းရွှေ့မထည့်မှီ ပြောင်းထည့်မည့် အိုးထဲတွင်၂ နာရီ ကြိုတင် မြေဖြည့်ပြီး ရေလောင်း ထားရမည်။ ရေများ အိုးအောက်ခြေမှ စီးထွက်သွားပြီးသည်အထိစောင့်ပြီး ရေမများစေရန်လည်း သတိပြုရမည်။ အပင် အား အိုးအသစ်သို့ ပြောင်းရွေ့ရာတွင် အမြစ်ကို ထိခိုက်မှုမရှိစေရန်လည်း သတိပြုရမည်။\r\n\r\nရေပေးခြင်းစနစ် ( Water Management)\r\n\r\nအိုးများဖြင့် စိုက်ပျိုးထားသောအခါ အပင်ရေလောင်းချိန်တွင် ပိုပြီးဂရုစိုက်ရန်လိုအပ်ပါသည်။ ရေများလွန်းခြင်း နည်း လွန်းခြင်း မဖြစ်အောင်သတိပြုရပါမည်။ ရေကို အရှိန်ပြင်းပြင်းမလောင်းဘဲ ဖြည်းဖြည်းနှင့် စိမ့်ဝင်အောင် လောင်းရပါ မည်။ ရေလိုအပ်နေသည်ကို အရွက်လိပ်ခြင်း၊ ညှိုးကျနေခြင်းကို မြင်ခြင်းဖြင့် သိနိုင်မည်။ အိုးထဲရှိမြေသည် အမြဲစိုနေရန် လိုအပ်ပြီး လေဝင်လေထွက်ကောင်းစေရန်နှင့် ရေစီးဆင်းမှုကောင်းစေရန် မကြာခဏ မြေဆွပေးရန် လိုအပ်ပါသည်။ အိုးများတွင် ရေစီးဆင်းမှုကောင်း မွန်စေသည့် ရေထွက်ပေါက်များရှိနေစေရန်လည်း လိုအပ်ပါသည်။\r\n\r\nအပင်ပေါ်သို့ ရေပေးစနစ် ( Syringing)\r\n\r\nရေမှုန်များ အပင်၏နေရာအနှံပေါ်သို့ကျစေပြီး ရေကြောင့် အပင်ကို အေးစေသော ရေလောင်းစနစ် ဖြစ်ပါသည်။ အခန်း တွင်း စိုက်ပျိုးသောအပင်များမှာ မိုးကြောင့်ရေရှိမှု မရှိသော အပင်များဖြစ်သည့် အတွက်အပင်ပေါ်သို့ ရေမရောက် နိုင်ပါ။ ရေဖြန်းဘူးများဖြင့် အပင်ရှိ အရွက်များအား တဖြည်းဖြည်းစိုအောင် ဖြန်းရပါမည်။ ထိုကဲ့သို့ ရေဖြန်းခြင်းဖြင့် အရွက်များကို သန့်ရှင်းစေခြင်း၊ အပင်၏အစာချက်လုပ်ခြင်းလုပ်ငန်းကို ပိုမိုအကျိုးရှိစေခြင်း၊ စိုစွတ်သောလေထုကို ဖြစ် စေပြီး အပင်ကို ပိုမိုကျန်းမာသန်စွမ်းစေခြင်း အကျိုးကျေးဇူးတို့ ရရှိပါသည်။\r\n\r\nအခန်းတွင်း စိုက်ပျိုးရာတွင် ထည့်သွင်းစဉ်းစား လိုက်နာရမည့် အချက်များ\r\n\r\n၁။ ဝရံတာတွင် စိုက်ပျိုးသောအပင်များကို နေရောင်ရရှိသည့်ဘက်ကို မကြာခဏလှည့်ပေးရမည်။ သို့မှ တစ်ပင်လုံး ညီညာစွာ ကြီးထွားမည်ဖြစ်သည်။\r\n\r\n၂။ နေလောင်ခြင်းမဖြစ်စေရန် နေရောင်တိုက်ရိုက်အကြာကြီး ကျရောက်သောနေရာတွင် အိုးမထားသင့်။\r\n\r\n၃။ အချို့ပန်းပင်များသည် ပန်းပွင့်ရန်အတွက် နေရောင်ရရှိရန် အချိန်နာရီများစွာ လိုအပ်သော်လည်း ရွက်လှ ပင်အများစုမှာ အလင်းလုံးဝ မလိုအပ်ပါ။\r\n\r\n၄။ ဟင်းသီးဟင်းရွက် အပင်များအတွက် စိုစွတ်သောအခြေအနေ လိုအပ်ပြီး အိမ်အတွင်း အခန်းများတွင် စိုစွတ်နေစေရန် ဖန်တီးဖို့မလွယ်ကူပါ။ စိုထိုင်းဆ အမြဲရှိနေရန်အတွက် ရည်ရွယ်ပြီး ကျောက်စရစ်ခဲများ အပင်ဘေးနားတွင် ထည့်ထားပြီး ကျောက်စရစ်ခဲများ အပေါ်တွင် ရေဖြန်းပေးရပါမည်။ နောက်တနည်း ကျောက်ခက်ဆွေးများ (တစ်ဝက်တစ်ပျက် ဆွေးမြေ့ခြောက်သွေ့နေသော ကျောက်တုံးကပ် အပင်များ ) ကို အိုးအပေါ်မျက်နှာပြင်တွင် ထည့်ပေးခြင်းဖြင့် အစိုဓါတ်ကို အမြဲရရှိစေပါသည်။\r\n\r\n၅။ စိုက်ပျိုးသောနေရာအတွက် အမှန်ကန်ဆုံးအပင်ကို ဝယ်ယူရန်လိုအပ်သည်။\r\n\r\n၆။ လက်ဖြင့် အလွယ်တကူသုံးစွဲရမည့် စိုက်ပျိုးရေးကိရိယာများ ရှိရမည်။\r\n\r\n၇။ မျိုးစေ့မှ စတင်စိုက်ပျိုးမည်ဆိုပါက မိမိဒေသရှိ စိုက်ပျိုးသူများမှ စိုက်ပျိုးနည်းလမ်းများ နှင့် အပင်၏ သဘာဝကို လေ့လာဆုံးဖြတ်ရမည်။ အချို့သောအပင်များသည် မျိုးစေ့မှ ပျိုးဘောင်ဖြင့် အပင်ဖောက်ပြီး ပျိုးပင်ကို ပြောင်းရွေ့စိုက်ရသော်လည်း အချို့အပင်များမှာ တိုက်ရိုက်အစေ့ချ စိုက်ပျိုးနိုင်သည်။ ပျိုးပင် ငယ်များ ပြောင်းရွှေ့စိုက်ပျိုးချိန်တွင် ပျိုးပင်များ၏ အမြစ်သည် လွန်စွာထိခိုက်ပျက်စီးလွယ်သဖြင့် ပျိုးပင်များအား ဂရုတစိုက် ကိုင်တွယ် ရွေ့ပြောင်း စိုက်ပျိုးရမည်။\r\n\r\n၈။ အခန်းအတွင်း စိုက်ပျိုးမည်ဆိုပါက အပင်များစိုက်ပျိုးမည့် ကွန်တိန်နာ (သို့) အိုး ကြီးလျှင် ပိုကောင်း ပါသည်။ မြေကြီးများများဝင်ဆန့်ပြီး စိုထိုင်းဆ ကြာရှည်ထိန်းထားနိုင်ခြင်း ဖြစ်စေ၍ စိုက်ပျိုးအပင်၏ အမြစ်ပိုင်းကြီးထွားမှု ပိုမိုအထောက်အပံ့ဖြစ်ကာ အပင်ပိုမို ကြီးထွားရှင်သန်စေပါသည်။', '2024-03-03 04:45:14');
INSERT INTO `shows` (`id`, `title`, `slug`, `category_id`, `author`, `user_id`, `cover`, `intro`, `body`, `created_at`) VALUES
(16, 'အပင်အရုပ်သွင်းခြင်း(သို့)topiary', '', 2, 'Aye Aye', 0, '11.jpeg', 'ချုံပုတ်ပင်တွေ၊ နှစ်ရှည်ခံပင်လို အပင်လေးတွေကို အရုပ်ပုံစံအမျိုးမျိုးလုပ်ပြီး ပုံဖော်ထားကြ', 'ချုံပုတ်ပင်တွေ၊ နှစ်ရှည်ခံပင်လို အပင်လေးတွေကို အရုပ်ပုံစံအမျိုးမျိုးလုပ်ပြီး ပုံဖော်ထားကြတာကို တော်တော်များများ တွေ့ဖူးကြမှာပါ။ ပန်းခြံတွေလိုမျိုး အများပြည်သူဆိုင်ရာနေရာတွေမှာတော့ အများဆုံးတွေ့နိုင်ပါတယ်။\r\n\r\nတချို့က ဂျီဩမေတြီပုံစံတွေ ဖြစ်ရင်ဖြစ်မယ်၊ တချို့က ချစ်စဖွယ်တိရစ္ဆာန်ကောင်ပုံလေးတွေ ဖြစ်ရင်ဖြစ်မယ်၊ တချို့ကတော့ နာမည်ကျော် ကာတွန်းဇာတ်ကောင်ပုံလေးတွေလည်း ဖြစ်ရင်ဖြစ်မယ်..စသဖြင့် အမျိုးမျိုးပေါ့..။\r\n\r\nအဲ့ဒီလိုလုပ်တဲ့ပညာကို Topiary လို့ခေါ်ပါတယ်။ အလှရုပ်လုံးဖော်ပညာ ဆိုပါတော့။ အဓိပ္ပာယ် အားဖြင့်တော့ အမျိုးမျိုး ဖွင့်ဆိုနိုင်ပါတယ်။\r\n\r\nTopiary ဆိုသည်မှာ..\r\n\r\nအပင်များကို ကိုယ်လိုချင်သော ပုံသဏ္ဍာန်များဖြစ်အောင် ပုံစံသွင်းပြုပြင်ပေးသော ဥယျာဉ်ခြံနည်းပညာ ဖြစ်သည်။ \r\n\r\nစိတ်ကူးယဉ်ဖန်တီးသောနည်းပညာဖြစ်သည်။ \r\n\r\nကိုယ်ဖန်တီးလိုသော ပုံသဏ္ဍာန်ကို ထိန်းပေးသောနည်းပညာဖြစ်သည်။ \r\n\r\nသက်ရှိကို ရုပ်လုံးဖော်သော အနုပညာဖြစ်သည်။\r\n\r\nစသဖြင့် အမျိုးမျိုးပေါ့..။\r\n\r\nဆိုတော့ အပင်လေးတွေကို ပန်းအိုးလေးနဲ့ အိမ်အဝင်မှာ ထားမလား၊ လျှောက်လမ်းရဲ့ဘေးဝဲယာမြေပြင်မှာပဲ ထားမလား။ မျက်စိပသာဒဖြစ်ဖို့၊ ပိုပြီး ဆွဲဆောင်မှုရှိဖို့ဆိုရင်.. Topiary နည်းနဲ့ မိမိစိတ်ကြိုက် ဖန်တီးအလှဆင်နိုင်ပါတယ်။\r\nTopiary ပြုလုပ်မယ်ဆိုရင်..\r\n\r\n အမြဲစိမ်းသော၊ အရွက်သေးသော၊ သိပ်သိပ်သည်းသည်း ကြီးထွားတတ်သော၊ အချိုးညီညီ ကြီးထွားတတ်သော သစ်မာပင်များ၊ ချုံပုတ်ပင်များကို ရွေးချယ်သင့်ပါတယ်။\r\n\r\nယုဇနပင်၊ ကျောက်ခက်ပင်၊ ကရဝေးပင်၊ ဆောက်ကြိုပင်၊ ဟော်လီပင်၊ သပြေပင်၊ မုရတုပင်၊ ကျောက်ထင်းရှူးပင်၊ ကြံ့စာပင်၊ စက္ကူပန်းပင်၊ ရေတမာပင် တို့ဟာ topiary ပြုလုပ်ရာမှာ အသုံးများတဲ့ အပင်တွေ ဖြစ်ပါတယ်။\r\n\r\nအရွက်သေးသော တိုက်ကပ်နွယ်ပင်တွေကိုလည်း အသုံးပြုကြပါတယ်။ \r\n\r\nမြေယာအလှဆင်တဲ့လုပ်ငန်းတွေမှာလည်း topiary နည်းကို တွင်တွင်ကျယ်ကျယ် အသုံးပြုနေကြပါတယ်။\r\n\r\nခြံစည်းရိုးတွေမှာလည်း ရိုးရှင်းသော အကာအရံ Topiary ပုံစံတွေ တွေ့ရတတ်ပါတယ်။\r\n\r\nTopiary နည်းနဲ့ ပုံသဏ္ဍာန်အမျိုးမျိုး ပြုလုပ်နိုင်ပါတယ်။\r\n\r\nလွယ်ကူတဲ့ ပုံစံတွေကတော့ ဘောလုံး၊ ပိရမစ်၊ လုံးချွန်၊လေးထောင့် ပုံသဏ္ဍာန်မျိုးတွေ ဖြစ်ပါတယ်။ \r\n\r\nတိရစ္ဆာန်များ၊ လူများ၊ ငှက်များ၊ ရုပ်လုံးရုပ်ကြွများနဲ့ သဘာဝမှာ တွေ့မြင်ရတတ်တဲ့ ပုံသဏ္ဍာန်များကိုလည်း ကိုယ့်ကျွမ်းကျင်မှုအပေါ် မူတည်ပြီး ပုံဖော်နိုင်ပါတယ်။\r\n\r\n', '2024-03-10 06:47:46'),
(25, 'ဝင်ငွေလျှော့တွက်လို့မရတဲ့ သနပ်ဖက်စိုက်ပျိုးရေး..', '', 1, ' ဒို့ဦး​လေး ', 0, '12.jpg', 'သနပ်ဖက်လို့ကြားလိုက်တာနဲ့ ဆေးပေါ့လိပ်တွေကို တန်းမြင်မိကြတဲ့အထိ', 'သနပ်ဖက်လို့ကြားလိုက်တာနဲ့ ဆေးပေါ့လိပ်တွေကို တန်းမြင်မိကြတဲ့အထိ မြန်မာနိုင်ငံမှာတော့ ထင်ရှားလူသိများတာပါ။ မရှိမဖြစ် ကုန်ပစ္စည်းတစ်မျိုးလို့ဆိုရင်တောင် ရပါတယ်။ ဒါပေမဲ့ ဒီသနပ်ဖက်ဟာ ဘယ်ကနေ ဘယ်လိုရပြီး ဘယ်နေရာဒေသတွေကနေ အဓိကထုတ်လုပ်ပေးနေတာလဲဆိုရင်တော့ သိသူနည်းသွားမယ်ထင်ပါတယ်။\r\nဆေးလိပ်လိပ်ရာမှာ အသုံးပြုတဲ့ သနပ်ဖက်ကို သနပ်ဖက်ပင်တွေကနေ ရရှိတာဖြစ်ပြီး လူသိနည်းသေးတဲ့ လယ်ယာထုတ်ကုန်တမျိုးလို့ ဆိုနိုင်ပါတယ်။ ဒါပေမဲ့ သူ့ရဲ့အကျိုးအမြတ်ကတော့ တခြား စိုက်ပျိုးရေးလုပ်ငန်းတွေနဲ့ယှဉ်ရင် တော်တော်လေး လုပ်ကိုင်သင့်တဲ့ အနေအထားမျိုးမှာ ရှိနေတာပါ။\r\n\r\nသနပ်ဖက်ပင်အဓိကစိုက်ပျိုးရာဒေသတွေထဲမှာ တောင်ကြီးခရိုင်၊ ဘော်ဆိုင်းဒေသလည်းပါဝင်နေပြီး စာရေးသူလည်း ရှမ်းပြည်တောင်ပိုင်း၊ မြောက်ပိုင်း ပြောင်းစိုက်ဧရိယာတွေ ကွင်းဆင်းရင်း ဘော်ဆိုင်းဒေသ၊ သနပ်ဖက်ပင်ရင်းထုတ်လုပ်ရာ တောင်ပေါ် ဓနုရွာလေးကို ရောက်ရှိခဲ့ပါတယ်။\r\n\r\nရပ်စောက်၊ ပင်ဖြစ် အနောက်တောင်ဖက်၊ တောလမ်းလေးအတိုင်း တောင်ပေါ်တက်သွားရင် ၁၅ မိုင်လောက်ဝေးတဲ့ ပုန်းတပ်ဆိုတဲ့ရွာလေးကို ရောက်ခဲ့တာပါ။\r\n\r\n\"တောင်ပေါ်ရွာဆိုတော့ သနပ်ဖက်တမျိုးတည်းနဲ့ ရပ်တည်ကြရတာပါပဲ။ ဒီနှစ် သနပ်ဖက်စျေးက တပိသာ ၁၈၀၀၀ ကျပ်စျေး ဆိုတော့ လုပ်ရတာအားရှိပါတယ်\" လို့ ဒေသခံ သနပ်ဖက်တောင်သူ ကိုနေဝင်းက ပြောပြပါတယ်။\r\n\r\nစာရေးသူလည်း သနပ်ဖက်ပင်နဲ့ အစိမ်းသက်သက် ဖြစ်နေတော့ ဗဟုသုတအလို့ငှာ ကြုံတုန်း ဆုံခိုက် အင်တာဗျူးတော့တာပါပဲ။\r\n\r\nသနပ်ဖက်ပင်ကို မိုးဦးကာလမှာ တကျင်းနဲ့တကျင်း နှစ်ပေခန့်ခြားပြီး စိုက်ကြပါတယ်။', '2024-03-10 08:14:23'),
(29, 'အနားသတ်မရှိတဲ့ကောင်းကင်', '', 1, 'Mg mg', 0, 'claude.jpg', 'မြန်မာနိုင်ငံဟာ စိုက်ပျိုး​ရေးနိုင်ငံဆို​သော်ငြားလည်း ​ရေအရင်းအမြစ်၊ နည်းပညာအရင်းအမြစ်၊လူသားအရင်းအမြစ် ဖွံ့ဖြိုးမှု အားနည်း​နေ​သေးတယ်ဆိုတာ ယ​နေ့ ​တောင်သူလယ်သမား', 'ဒီလိုအ​ခြေအ​နေမှာ ကမ္ဘာ့ရာသီဥတု ​ပြောင်းလဲမှု​တွေနဲ့ ရင်ဆိုင်​နေရခြင်း၊ နိုင်ငံ​ရေး ရာသီဥတု ​ဖောက်ပြန်ခြင်းတွေဟာလည်း မြန်မာ့လယ်သမား​တွေအတွက် နည်းပညာ၊ သွင်းအားစု၊ လုပ်အား၊အလုပ်ချိန်နဲ့ ထုတ်လုပ်မှုစွမ်းအားများ အခက်အခဲ​တွေ့​စေပါတယ်။\r\n\r\nဆရာဦးသာပို ဟော​ပြောပွဲမှာ ​ပြော​လေ့ရှိတာ သတိရမိတယ်။\r\n\r\n\"လယ်ယာလုပ်ရတာကလည်း...\r\n\r\nရာသီဥတုက..​ဖောက်ပြန်\r\nတိုင်းပြည်က..ခ​လောက်ဆန်\r\nစီးပွား​ရေးသမား​တွေက... အ​ကောက်ကြံ\r\nအထွက်နှုန်း​တွေက...​နောက်ပြန်\r\nမိန်းမကလည်း....အ​ငေါက်ခံ...\r\nဆိုသလို..ဖြစ်​နေပြီ။\r\n\r\nသင်္ကြန်ပိတ်ရက်မှာ... နား​နေရင်း မြန်မာ့လယ်ယာစိုက်ပျိုး​ရေးလုပ်ငန်းအ​ကြောင်း ​တွေး​နေမိပါတယ်။\r\n\r\n\"ဟလို...Green way မှာ ဆောင်းပါး​ရေးတဲ့ ဒို့ဦး​လေး..လားခင်ဗျာ\"\r\n\r\n\"ဟုတ်ပါတယ်ဗျ၊ ဘာ အကူညီ​ပေးရမလဲဗျာ..\"\r\n\r\n\"ကျ​နော်..ဧရာဝတီတိုင်း၊ ဟင်္သာတနယ်က တောင်သူကျော်ကိုမင်းပါ ။\r\n\r\nဆရာ​ရေ..ကျ​နော်သိချင်တာက...\r\n\r\nစိုက်ပျိုး​ရေးပညာရှင်​တွေမှာ တချို့က ရိုးပြတ်​တွေကို မီးရှို့ပါ..တဲ့။\r\n\r\n​နောက်တခါကျ​တော့ ရိုးပြတ်​တွေမီးမရှို့ပါနဲ့။ ​မြေဆီလွှာအာဟာရ​တွေ ဆုံးရှုံးနိုင်ပါသတဲ့။\r\n\r\nကျ​နော်တို့ ​တောင်သူ​တွေက ဘယ်ဟာကိုလိုက်နာရမလဲ ဆရာ\"...တဲ့။\r\n\r\n​\" နောက်ပြီး.... ရှိ​သေးတယ်.ဆရာ။\r\n\r\n', '2024-03-12 09:38:17');

-- --------------------------------------------------------

--
-- Table structure for table `user`
--

CREATE TABLE `user` (
  `id` int(11) NOT NULL,
  `name` varchar(200) NOT NULL,
  `email` varchar(200) NOT NULL,
  `address` text DEFAULT NULL,
  `password` varchar(200) NOT NULL,
  `profile` varchar(200) NOT NULL DEFAULT 'profile.png',
  `created_at` timestamp NOT NULL DEFAULT current_timestamp()
) ENGINE=InnoDB DEFAULT CHARSET=utf8mb4 COLLATE=utf8mb4_unicode_ci;

--
-- Dumping data for table `user`
--

INSERT INTO `user` (`id`, `name`, `email`, `address`, `password`, `profile`, `created_at`) VALUES
(14, 'Ceasar', 'ceasar@gmail.com', 'Shan', '123', 'ceasar.jpeg', '2024-02-27 06:49:28'),
(19, 'Hinata', 'hinata@gmail.com', 'Japan', '123', 'hinata.jpg', '2024-03-04 09:26:23'),
(27, 'Aung Lwin', 'lwin1@gmail.com', 'Ba Htoo', '123', 'aunglwin.jpg', '2024-03-04 12:42:50'),
(28, 'Luffy', 'luffy@gmail.com', 'Japan', '123', 'luffy.jpg', '2024-03-05 08:30:30'),
(29, 'testing', 't@gmail.com', 'df', '123', 'hinata.jpg', '2024-03-07 05:25:13'),
(30, 'Ei Shwe Sin', 'ei@gmail.com', 'Shan', '123', 'luffy.jpg', '2024-03-09 05:50:52'),
(31, 'Nyi Htet Naing', 'nyi@gmail.com', 'SHan', '123', 'hinata.jpg', '2024-03-09 05:52:26'),
(32, 'Kyaw Maung', 'maung@gmail.com', 'Mandalay', '123', 'aunglwin.jpg', '2024-03-09 06:01:57'),
(40, 'Naruto', 'naruto@gmail.com', 'Japan', '123', 'hinata.jpg', '2024-03-12 09:15:54'),
(41, 'Naruto', 'ruto@gmail.com', 'Japan', '123', 'hinata.jpg', '2024-03-12 09:35:09');

--
-- Indexes for dumped tables
--

--
-- Indexes for table `admins`
--
ALTER TABLE `admins`
  ADD PRIMARY KEY (`id`);

--
-- Indexes for table `categories`
--
ALTER TABLE `categories`
  ADD PRIMARY KEY (`id`);

--
-- Indexes for table `comment`
--
ALTER TABLE `comment`
  ADD PRIMARY KEY (`id`),
  ADD KEY `user_id` (`user_id`) USING BTREE,
  ADD KEY `show_id` (`show_id`) USING BTREE;

--
-- Indexes for table `followings`
--
ALTER TABLE `followings`
  ADD PRIMARY KEY (`id`),
  ADD KEY `user_id` (`user_id`) USING BTREE,
  ADD KEY `show_id` (`show_id`) USING BTREE;

--
-- Indexes for table `shows`
--
ALTER TABLE `shows`
  ADD PRIMARY KEY (`id`),
  ADD KEY `category_id` (`category_id`) USING BTREE,
  ADD KEY `user_id` (`user_id`) USING BTREE;

--
-- Indexes for table `user`
--
ALTER TABLE `user`
  ADD PRIMARY KEY (`id`);

--
-- AUTO_INCREMENT for dumped tables
--

--
-- AUTO_INCREMENT for table `admins`
--
ALTER TABLE `admins`
  MODIFY `id` int(11) NOT NULL AUTO_INCREMENT, AUTO_INCREMENT=10;

--
-- AUTO_INCREMENT for table `categories`
--
ALTER TABLE `categories`
  MODIFY `id` int(11) NOT NULL AUTO_INCREMENT, AUTO_INCREMENT=3;

--
-- AUTO_INCREMENT for table `comment`
--
ALTER TABLE `comment`
  MODIFY `id` int(11) NOT NULL AUTO_INCREMENT, AUTO_INCREMENT=29;

--
-- AUTO_INCREMENT for table `followings`
--
ALTER TABLE `followings`
  MODIFY `id` int(11) NOT NULL AUTO_INCREMENT, AUTO_INCREMENT=105;

--
-- AUTO_INCREMENT for table `shows`
--
ALTER TABLE `shows`
  MODIFY `id` int(11) NOT NULL AUTO_INCREMENT, AUTO_INCREMENT=30;

--
-- AUTO_INCREMENT for table `user`
--
ALTER TABLE `user`
  MODIFY `id` int(11) NOT NULL AUTO_INCREMENT, AUTO_INCREMENT=42;
COMMIT;

/*!40101 SET CHARACTER_SET_CLIENT=@OLD_CHARACTER_SET_CLIENT */;
/*!40101 SET CHARACTER_SET_RESULTS=@OLD_CHARACTER_SET_RESULTS */;
/*!40101 SET COLLATION_CONNECTION=@OLD_COLLATION_CONNECTION */;
